{
    "3": {
        "silhouette_score": -0.0910915657877922,
        "semantic_coherence": 0.4974171221256256,
        "intra_distance": 1.0416394789014352,
        "inter_distance": 0.8457164989256395,
        "npmi": 21.000685025488917,
        "scci": 0.5617085301320729
    },
    "4": {
        "silhouette_score": -0.09978502243757248,
        "semantic_coherence": 0.5002272129058838,
        "intra_distance": 1.0682632771193794,
        "inter_distance": 0.8804967112626771,
        "npmi": 20.974264735892227,
        "scci": 0.5729771270989129
    },
    "5": {
        "silhouette_score": -0.099595807492733,
        "semantic_coherence": 0.4914313852787018,
        "intra_distance": 1.1340343994945221,
        "inter_distance": 1.030375085629045,
        "npmi": 20.43202112416582,
        "scci": 0.6833464718640084
    },
    "6": {
        "silhouette_score": -0.11331800371408463,
        "semantic_coherence": 0.5044861435890198,
        "intra_distance": 1.1300242212135065,
        "inter_distance": 1.0119625748363277,
        "npmi": 21.186571006961206,
        "scci": 0.6550367690359244
    },
    "7": {
        "silhouette_score": -0.11374864727258682,
        "semantic_coherence": 0.5110365152359009,
        "intra_distance": 1.1266081793311058,
        "inter_distance": 0.9798399858705201,
        "npmi": 21.517663104386877,
        "scci": 0.5683713044778574
    },
    "8": {
        "silhouette_score": -0.19701196253299713,
        "semantic_coherence": 0.4916345775127411,
        "intra_distance": 1.1101298418207843,
        "inter_distance": 0.9831690959599044,
        "npmi": 20.316464534956005,
        "scci": 0.6797449468096974
    },
    "9": {
        "silhouette_score": -0.09601554274559021,
        "semantic_coherence": 0.48286041617393494,
        "intra_distance": 1.1307846157059263,
        "inter_distance": 1.0362703503205688,
        "npmi": 19.92476817779632,
        "scci": 0.5914186699058612
    },
    "10": {
        "silhouette_score": -0.1955854892730713,
        "semantic_coherence": 0.49744051694869995,
        "intra_distance": 1.128868518150711,
        "inter_distance": 1.0123012676091443,
        "npmi": 20.621569507218165,
        "scci": 0.7913337817442936
    },
    "11": {
        "silhouette_score": -0.19116851687431335,
        "semantic_coherence": 0.49396610260009766,
        "intra_distance": 1.0764435879252146,
        "inter_distance": 0.9070302949667813,
        "npmi": 20.403582266151847,
        "scci": 0.748728834991443
    },
    "12": {
        "silhouette_score": -0.18657910823822021,
        "semantic_coherence": 0.5025976300239563,
        "intra_distance": 1.0768571404461469,
        "inter_distance": 0.9084209241131551,
        "npmi": 21.559789679507592,
        "scci": 0.8142912540011552
    },
    "13": {
        "silhouette_score": -0.08145708590745926,
        "semantic_coherence": 0.5048919916152954,
        "intra_distance": 1.0971562631784422,
        "inter_distance": 0.9499501978794301,
        "npmi": 21.574780249784435,
        "scci": 0.743517810530118
    },
    "14": {
        "silhouette_score": -0.10147074609994888,
        "semantic_coherence": 0.5041640996932983,
        "intra_distance": 1.063516376529474,
        "inter_distance": 0.8833559984211795,
        "npmi": 21.61205807264199,
        "scci": 0.6864275383131737
    }
}