{
    "3": {
        "silhouette_score": -0.10172896087169647,
        "semantic_coherence": 0.49344608187675476,
        "intra_distance": 1.0406015042577585,
        "inter_distance": 0.8193247069639246,
        "npmi": 19.39482022965717,
        "scci": 0.5690301941782668
    },
    "4": {
        "silhouette_score": -0.09282278269529343,
        "semantic_coherence": 0.45462238788604736,
        "intra_distance": 1.0021122374099751,
        "inter_distance": 0.7175015771165482,
        "npmi": 17.50114603595993,
        "scci": 0.5502751859135462
    },
    "5": {
        "silhouette_score": -0.08044341206550598,
        "semantic_coherence": 0.4716642498970032,
        "intra_distance": 0.987418855133272,
        "inter_distance": 0.6769089646323956,
        "npmi": 18.415820690012385,
        "scci": 0.5820356507225265
    },
    "6": {
        "silhouette_score": -0.08710027486085892,
        "semantic_coherence": 0.4863852262496948,
        "intra_distance": 1.0138104717324874,
        "inter_distance": 0.7324984006880176,
        "npmi": 19.004499784650744,
        "scci": 0.5764527379665214
    },
    "7": {
        "silhouette_score": -0.022562166675925255,
        "semantic_coherence": 0.45693129301071167,
        "intra_distance": 0.974557282505864,
        "inter_distance": 0.6593253936496329,
        "npmi": 17.417540260166827,
        "scci": 0.5099488372501524
    },
    "8": {
        "silhouette_score": -0.05335799232125282,
        "semantic_coherence": 0.4665539860725403,
        "intra_distance": 1.0950762722582013,
        "inter_distance": 0.9519342212691871,
        "npmi": 17.89983270239869,
        "scci": 0.6208731159832767
    },
    "9": {
        "silhouette_score": -0.09163685142993927,
        "semantic_coherence": 0.4720701575279236,
        "intra_distance": 1.1033668672490233,
        "inter_distance": 0.9695780039503935,
        "npmi": 18.448740392128126,
        "scci": 0.6822364274962134
    },
    "10": {
        "silhouette_score": -0.09319839626550674,
        "semantic_coherence": 0.4889098107814789,
        "intra_distance": 1.1318917978354628,
        "inter_distance": 1.0249196998213514,
        "npmi": 19.515874597403517,
        "scci": 0.686309142103636
    },
    "11": {
        "silhouette_score": -0.10126129537820816,
        "semantic_coherence": 0.48196375370025635,
        "intra_distance": 1.1589036794235392,
        "inter_distance": 1.0735877820663788,
        "npmi": 19.272156805926425,
        "scci": 0.6258959063011554
    },
    "12": {
        "silhouette_score": -0.10070634633302689,
        "semantic_coherence": 0.5142226815223694,
        "intra_distance": 1.1655780066818793,
        "inter_distance": 1.0835221762577367,
        "npmi": 21.5026903683615,
        "scci": 0.7894109067007098
    },
    "13": {
        "silhouette_score": 0.014289935119450092,
        "semantic_coherence": 0.4756172001361847,
        "intra_distance": 1.1181356680670145,
        "inter_distance": 0.9876139597316194,
        "npmi": 19.457859641648696,
        "scci": 0.6240114222777712
    },
    "14": {
        "silhouette_score": -0.06896289438009262,
        "semantic_coherence": 0.483316570520401,
        "intra_distance": 1.1403949116541854,
        "inter_distance": 1.030540996184848,
        "npmi": 19.88807392938897,
        "scci": 0.6536822892543734
    }
}