{
    "3": {
        "silhouette_score": -0.047222040593624115,
        "semantic_coherence": 0.4422071874141693,
        "intra_distance": 0.9618846395090598,
        "inter_distance": 0.6411167759563462,
        "npmi": 12.477778257579644,
        "scci": 0.5364495435963702
    },
    "4": {
        "silhouette_score": -0.04597333073616028,
        "semantic_coherence": 0.4243046045303345,
        "intra_distance": 0.9694044153663692,
        "inter_distance": 0.654387069303582,
        "npmi": 11.806215618257301,
        "scci": 0.5341916092971902
    },
    "5": {
        "silhouette_score": -0.0763344094157219,
        "semantic_coherence": 0.4405582547187805,
        "intra_distance": 1.017501585305818,
        "inter_distance": 0.7573071470072223,
        "npmi": 12.39111446941657,
        "scci": 0.6025988879549347
    },
    "6": {
        "silhouette_score": -0.06965016573667526,
        "semantic_coherence": 0.45201388001441956,
        "intra_distance": 1.0841262732406012,
        "inter_distance": 0.9044203042975069,
        "npmi": 12.929573024112083,
        "scci": 0.788455665270267
    },
    "7": {
        "silhouette_score": -0.06797483563423157,
        "semantic_coherence": 0.444252073764801,
        "intra_distance": 1.0642386495274516,
        "inter_distance": 0.8737649469152731,
        "npmi": 12.662452689841102,
        "scci": 0.7494774366206804
    },
    "8": {
        "silhouette_score": -0.04956534132361412,
        "semantic_coherence": 0.439487099647522,
        "intra_distance": 1.054534372897868,
        "inter_distance": 0.8679449379870199,
        "npmi": 12.456431038162151,
        "scci": 0.6083131368620359
    },
    "9": {
        "silhouette_score": -0.038659751415252686,
        "semantic_coherence": 0.43329212069511414,
        "intra_distance": 1.063200588396063,
        "inter_distance": 0.8863926746857054,
        "npmi": 12.309769281864485,
        "scci": 0.7365237478393015
    },
    "10": {
        "silhouette_score": -0.03815373778343201,
        "semantic_coherence": 0.43084198236465454,
        "intra_distance": 1.084671635037893,
        "inter_distance": 0.9327973572068459,
        "npmi": 12.376019564272816,
        "scci": 0.7632865810324204
    },
    "11": {
        "silhouette_score": -0.055560700595378876,
        "semantic_coherence": 0.42555710673332214,
        "intra_distance": 1.0872498275839853,
        "inter_distance": 0.9328379390389726,
        "npmi": 12.219437325156923,
        "scci": 0.7572110555486533
    },
    "12": {
        "silhouette_score": -0.05862519517540932,
        "semantic_coherence": 0.42447754740715027,
        "intra_distance": 1.1034601490594833,
        "inter_distance": 0.9629258973826952,
        "npmi": 12.083277342826827,
        "scci": 0.7655067768534385
    },
    "13": {
        "silhouette_score": -0.06160569190979004,
        "semantic_coherence": 0.42017385363578796,
        "intra_distance": 1.1181999492692059,
        "inter_distance": 0.9894508455296727,
        "npmi": 11.91887973548423,
        "scci": 0.7420287115083841
    },
    "14": {
        "silhouette_score": -0.05829036235809326,
        "semantic_coherence": 0.41193369030952454,
        "intra_distance": 1.1078772987803105,
        "inter_distance": 0.9680701187958066,
        "npmi": 11.586993882057879,
        "scci": 0.7108934184085346
    }
}