{
    "inter_distance_negative": {
        "mean_confidence": 0.7032889723777771,
        "mean_cohesion": 0.6059264143308004
    },
    "inter_distance_positive": {
        "mean_confidence": 0.7382395565509796,
        "mean_cohesion": 0.6441533664862314
    },
    "intra_distance_negative": {
        "mean_confidence": 0.7250747680664062,
        "mean_cohesion": 0.6061200350522995
    },
    "intra_distance_positive": {
        "mean_confidence": 0.6646479027611869,
        "mean_cohesion": 0.5952853645597186
    },
    "npmi_negative": {
        "mean_confidence": 0.7006649573644003,
        "mean_cohesion": 0.611025075117747
    },
    "npmi_positive": {
        "mean_confidence": 0.7382395565509796,
        "mean_cohesion": 0.6441533664862314
    },
    "scci_negative": {
        "mean_confidence": 0.6866931915283203,
        "mean_cohesion": 0.60299694112369
    },
    "scci_positive": {
        "mean_confidence": 0.7382395565509796,
        "mean_cohesion": 0.6441533664862314
    },
    "semantic_coherence_negative": {
        "mean_confidence": 0.7006649573644003,
        "mean_cohesion": 0.611025075117747
    },
    "semantic_coherence_positive": {
        "mean_confidence": 0.7382395565509796,
        "mean_cohesion": 0.6441533664862314
    },
    "silhouette_score_negative": {
        "mean_confidence": 0.7032889723777771,
        "mean_cohesion": 0.6059264143308004
    },
    "silhouette_score_positive": {
        "mean_confidence": 0.7234780834271357,
        "mean_cohesion": 0.628345590371352
    },
    "best_mean_confidence": [
        [
            "inter_distance_positive",
            "npmi_positive",
            "scci_positive",
            "semantic_coherence_positive"
        ],
        0.7382395565509796
    ],
    "best_mean_cohesion": [
        [
            "inter_distance_positive",
            "npmi_positive",
            "scci_positive",
            "semantic_coherence_positive"
        ],
        0.6441533664862314
    ],
    "best_mean_metrics": 0.6911964615186055
}