{
    "inter_distance_negative": {
        "mean_confidence": 0.7269642849763235,
        "mean_cohesion": 0.6408135890960693
    },
    "inter_distance_positive": {
        "mean_confidence": 0.7240824188504901,
        "mean_cohesion": 0.6325587757996151
    },
    "intra_distance_negative": {
        "mean_confidence": 0.7140036424001058,
        "mean_cohesion": 0.6266727248827616
    },
    "intra_distance_positive": {
        "mean_confidence": 0.7126409808794657,
        "mean_cohesion": 0.6265585025151571
    },
    "npmi_negative": {
        "mean_confidence": 0.7269642849763235,
        "mean_cohesion": 0.6408135890960693
    },
    "npmi_positive": {
        "mean_confidence": 0.7240824188504901,
        "mean_cohesion": 0.6325587757996151
    },
    "scci_negative": {
        "mean_confidence": 0.6975846375737872,
        "mean_cohesion": 0.6249641265187945
    },
    "scci_positive": {
        "mean_confidence": 0.7025540896824428,
        "mean_cohesion": 0.6222056661333356
    },
    "semantic_coherence_negative": {
        "mean_confidence": 0.7269642849763235,
        "mean_cohesion": 0.6408135890960693
    },
    "semantic_coherence_positive": {
        "mean_confidence": 0.7240824188504901,
        "mean_cohesion": 0.6325587757996151
    },
    "silhouette_score_negative": {
        "mean_confidence": 0.7096961736679077,
        "mean_cohesion": 0.6230681240558624
    },
    "silhouette_score_positive": {
        "mean_confidence": 0.7211049795150757,
        "mean_cohesion": 0.6229410767555237
    },
    "best_mean_confidence": [
        [
            "inter_distance_negative",
            "npmi_negative",
            "semantic_coherence_negative"
        ],
        0.7269642849763235
    ],
    "best_mean_cohesion": [
        [
            "inter_distance_negative",
            "npmi_negative",
            "semantic_coherence_negative"
        ],
        0.6408135890960693
    ],
    "best_mean_metrics": 0.6838889370361965
}