{
    "3": {
        "silhouette_score": -0.06299079954624176,
        "semantic_coherence": 0.4838254153728485,
        "intra_distance": 0.9424085240551978,
        "inter_distance": 0.6099192414100351,
        "npmi": 18.99785468764947,
        "scci": 0.5403993973495562
    },
    "4": {
        "silhouette_score": -0.05675746500492096,
        "semantic_coherence": 0.49075448513031006,
        "intra_distance": 1.0262828309276022,
        "inter_distance": 0.810172206724917,
        "npmi": 19.742498184217638,
        "scci": 0.4835735012468474
    },
    "5": {
        "silhouette_score": -0.09327169507741928,
        "semantic_coherence": 0.48896661400794983,
        "intra_distance": 1.1286750571749815,
        "inter_distance": 1.0318309902479537,
        "npmi": 19.6520770652058,
        "scci": 0.68203412889705
    },
    "6": {
        "silhouette_score": -0.0810869112610817,
        "semantic_coherence": 0.48822787404060364,
        "intra_distance": 1.090675349935035,
        "inter_distance": 0.9439573817354556,
        "npmi": 19.579557135669894,
        "scci": 0.7276993304431465
    },
    "7": {
        "silhouette_score": -0.15478883683681488,
        "semantic_coherence": 0.4885680377483368,
        "intra_distance": 1.079762691126596,
        "inter_distance": 0.9233262360267235,
        "npmi": 19.543370613745303,
        "scci": 0.7595842445202544
    },
    "8": {
        "silhouette_score": -0.16873638331890106,
        "semantic_coherence": 0.501291811466217,
        "intra_distance": 1.1087935231089308,
        "inter_distance": 0.9677248071178832,
        "npmi": 20.263543032732997,
        "scci": 0.5968207324849127
    },
    "9": {
        "silhouette_score": -0.20498540997505188,
        "semantic_coherence": 0.49718421697616577,
        "intra_distance": 1.0936678758096796,
        "inter_distance": 0.9439710549529808,
        "npmi": 19.998101707944596,
        "scci": 0.6145389073148029
    },
    "10": {
        "silhouette_score": -0.20483997464179993,
        "semantic_coherence": 0.4957752227783203,
        "intra_distance": 1.1048625328278694,
        "inter_distance": 0.9697279499087791,
        "npmi": 19.98075928724468,
        "scci": 0.6258863242280442
    },
    "11": {
        "silhouette_score": -0.1900438666343689,
        "semantic_coherence": 0.4997250437736511,
        "intra_distance": 1.0800064895573733,
        "inter_distance": 0.9119487119512436,
        "npmi": 20.228160807004603,
        "scci": 0.6499079469421443
    },
    "12": {
        "silhouette_score": -0.1916227489709854,
        "semantic_coherence": 0.5016230940818787,
        "intra_distance": 1.1001400259387968,
        "inter_distance": 0.9539849821590762,
        "npmi": 20.372297362051565,
        "scci": 0.6447407253967881
    },
    "13": {
        "silhouette_score": -0.1916225105524063,
        "semantic_coherence": 0.5098831653594971,
        "intra_distance": 1.1105336692639243,
        "inter_distance": 0.9751530238404391,
        "npmi": 21.343714495359986,
        "scci": 0.6960539364558456
    },
    "14": {
        "silhouette_score": -0.20261603593826294,
        "semantic_coherence": 0.512281060218811,
        "intra_distance": 1.1394398438216762,
        "inter_distance": 1.0350131107727267,
        "npmi": 21.63604296316016,
        "scci": 0.6418433403067718
    }
}