{
    "inter_distance_negative": {
        "mean_confidence": 0.7259724736213684,
        "mean_cohesion": 0.6231495482581002
    },
    "inter_distance_positive": {
        "mean_confidence": 0.714994626385825,
        "mean_cohesion": 0.6083232292107174
    },
    "intra_distance_negative": {
        "mean_confidence": 0.7149677475293478,
        "mean_cohesion": 0.60141654809316
    },
    "intra_distance_positive": {
        "mean_confidence": 0.7048995733261109,
        "mean_cohesion": 0.5986463904380799
    },
    "npmi_negative": {
        "mean_confidence": 0.7259724736213684,
        "mean_cohesion": 0.6231495482581002
    },
    "npmi_positive": {
        "mean_confidence": 0.6888464689254761,
        "mean_cohesion": 0.6014271775881449
    },
    "scci_negative": {
        "mean_confidence": 0.7259724736213684,
        "mean_cohesion": 0.6231495482581002
    },
    "scci_positive": {
        "mean_confidence": 0.714994626385825,
        "mean_cohesion": 0.6083232292107174
    },
    "semantic_coherence_negative": {
        "mean_confidence": 0.7140443049944364,
        "mean_cohesion": 0.6197203672849215
    },
    "semantic_coherence_positive": {
        "mean_confidence": 0.6888464689254761,
        "mean_cohesion": 0.6014271775881449
    },
    "silhouette_score_negative": {
        "mean_confidence": 0.6801337152719498,
        "mean_cohesion": 0.5886634960770607
    },
    "silhouette_score_positive": {
        "mean_confidence": 0.7029175698757172,
        "mean_cohesion": 0.602474057674408
    },
    "best_mean_confidence": [
        [
            "inter_distance_negative",
            "npmi_negative",
            "scci_negative"
        ],
        0.7259724736213684
    ],
    "best_mean_cohesion": [
        [
            "inter_distance_negative",
            "npmi_negative",
            "scci_negative"
        ],
        0.6231495482581002
    ],
    "best_mean_metrics": 0.6745610109397343
}