{
    "3": {
        "silhouette_score": 0.026220619678497314,
        "semantic_coherence": 0.4792343080043793,
        "intra_distance": 1.0609027833347795,
        "inter_distance": 0.9301420247011825,
        "npmi": 13.387368859060416,
        "scci": 0.5000697696251567
    },
    "4": {
        "silhouette_score": 0.00947622861713171,
        "semantic_coherence": 0.48240312933921814,
        "intra_distance": 1.1121430576910862,
        "inter_distance": 1.0175242098625905,
        "npmi": 13.50893521085316,
        "scci": 0.5609408651224567
    },
    "5": {
        "silhouette_score": -0.01668393798172474,
        "semantic_coherence": 0.46353062987327576,
        "intra_distance": 1.062533810053615,
        "inter_distance": 0.8930995891661013,
        "npmi": 12.781601626527655,
        "scci": 0.5196353693096013
    },
    "6": {
        "silhouette_score": -0.009912213310599327,
        "semantic_coherence": 0.43781065940856934,
        "intra_distance": 1.0434535136896244,
        "inter_distance": 0.8462028585447586,
        "npmi": 11.932094082664298,
        "scci": 0.5342904916832026
    },
    "7": {
        "silhouette_score": -0.015149739570915699,
        "semantic_coherence": 0.43097659945487976,
        "intra_distance": 1.0772584537059464,
        "inter_distance": 0.9180397981606919,
        "npmi": 11.707375934009976,
        "scci": 0.5734128815657785
    },
    "8": {
        "silhouette_score": -0.005498701240867376,
        "semantic_coherence": 0.4331536889076233,
        "intra_distance": 0.9727964956491378,
        "inter_distance": 0.668714321119506,
        "npmi": 11.752042199684293,
        "scci": 0.5497358413614635
    },
    "9": {
        "silhouette_score": -0.015795351937413216,
        "semantic_coherence": 0.4375315308570862,
        "intra_distance": 1.0039172855306335,
        "inter_distance": 0.7488101690061875,
        "npmi": 11.923210268155644,
        "scci": 0.5750329997806584
    },
    "10": {
        "silhouette_score": -0.019393136724829674,
        "semantic_coherence": 0.4287077486515045,
        "intra_distance": 1.0267177758633166,
        "inter_distance": 0.8067190022207403,
        "npmi": 11.640518886503562,
        "scci": 0.6178302147273749
    },
    "11": {
        "silhouette_score": -0.035664867609739304,
        "semantic_coherence": 0.42292138934135437,
        "intra_distance": 1.0387994485185583,
        "inter_distance": 0.8358134026325019,
        "npmi": 11.428669374039224,
        "scci": 0.6371319146310277
    },
    "12": {
        "silhouette_score": -0.04259137064218521,
        "semantic_coherence": 0.42231640219688416,
        "intra_distance": 1.0409223984069016,
        "inter_distance": 0.8389960602016611,
        "npmi": 11.424610587465594,
        "scci": 0.5784141156469843
    },
    "13": {
        "silhouette_score": -0.055718474090099335,
        "semantic_coherence": 0.41529321670532227,
        "intra_distance": 1.0493012777879969,
        "inter_distance": 0.8567087529574152,
        "npmi": 11.1876569093525,
        "scci": 0.5928922020702173
    },
    "14": {
        "silhouette_score": -0.06014718487858772,
        "semantic_coherence": 0.40458041429519653,
        "intra_distance": 1.0487331325792428,
        "inter_distance": 0.8568502539995132,
        "npmi": 10.848378218440535,
        "scci": 0.6014398895094633
    }
}