{
    "3": {
        "silhouette_score": -0.08168638497591019,
        "semantic_coherence": 0.47503554821014404,
        "intra_distance": 1.0273012925945928,
        "inter_distance": 0.8453838811885852,
        "npmi": 17.397570582121087,
        "scci": 0.573907541527338
    },
    "4": {
        "silhouette_score": 0.10233139246702194,
        "semantic_coherence": 0.4611761271953583,
        "intra_distance": 0.960942459024351,
        "inter_distance": 0.6437168282033805,
        "npmi": 16.745805585851233,
        "scci": 0.4324007061731208
    },
    "5": {
        "silhouette_score": -0.0948261097073555,
        "semantic_coherence": 0.47960153222084045,
        "intra_distance": 1.0069558044892144,
        "inter_distance": 0.7753603696756585,
        "npmi": 17.625976058598432,
        "scci": 0.5799827696162064
    },
    "6": {
        "silhouette_score": -0.07620196789503098,
        "semantic_coherence": 0.4525742828845978,
        "intra_distance": 1.0886672293080855,
        "inter_distance": 0.981507760307056,
        "npmi": 16.65506071882054,
        "scci": 0.4250949696329003
    },
    "7": {
        "silhouette_score": 0.008296116255223751,
        "semantic_coherence": 0.48416516184806824,
        "intra_distance": 0.9884755417424025,
        "inter_distance": 0.7281346881822487,
        "npmi": 18.02564836719813,
        "scci": 0.5158631647257692
    },
    "8": {
        "silhouette_score": 0.0255885012447834,
        "semantic_coherence": 0.48807069659233093,
        "intra_distance": 0.9411497612130616,
        "inter_distance": 0.6067205442942504,
        "npmi": 18.315328629539977,
        "scci": 0.5170665634307836
    },
    "9": {
        "silhouette_score": 0.02567301131784916,
        "semantic_coherence": 0.48930564522743225,
        "intra_distance": 1.0008231061072699,
        "inter_distance": 0.7527574848161259,
        "npmi": 18.702169256813395,
        "scci": 0.5463594252733545
    },
    "10": {
        "silhouette_score": 0.013619876466691494,
        "semantic_coherence": 0.4943227171897888,
        "intra_distance": 1.025417108392727,
        "inter_distance": 0.8071195130562161,
        "npmi": 18.650669029592574,
        "scci": 0.560070524539834
    },
    "11": {
        "silhouette_score": 0.0011592527152970433,
        "semantic_coherence": 0.4934283494949341,
        "intra_distance": 1.0385620980092065,
        "inter_distance": 0.8422600110255132,
        "npmi": 19.093538377139527,
        "scci": 0.6249939243769058
    },
    "12": {
        "silhouette_score": -0.09721194207668304,
        "semantic_coherence": 0.5046072602272034,
        "intra_distance": 1.049051295138024,
        "inter_distance": 0.8734033560362713,
        "npmi": 19.782285495438597,
        "scci": 0.7268186359054621
    },
    "13": {
        "silhouette_score": -0.18598081171512604,
        "semantic_coherence": 0.49570053815841675,
        "intra_distance": 1.041976702282132,
        "inter_distance": 0.8639044287132509,
        "npmi": 19.267098643792473,
        "scci": 0.755531901823664
    },
    "14": {
        "silhouette_score": -0.18558669090270996,
        "semantic_coherence": 0.4808952808380127,
        "intra_distance": 1.0438949962760817,
        "inter_distance": 0.8735854868514806,
        "npmi": 18.47948057457663,
        "scci": 0.7171865560991701
    }
}