{
    "inter_distance_negative": {
        "mean_confidence": 0.6808377717222486,
        "mean_cohesion": 0.6009282725197929
    },
    "inter_distance_positive": {
        "mean_confidence": 0.6878489255905151,
        "mean_cohesion": 0.613781750202179
    },
    "intra_distance_negative": {
        "mean_confidence": 0.6871796449025472,
        "mean_cohesion": 0.5897501707077026
    },
    "intra_distance_positive": {
        "mean_confidence": 0.6710520188013712,
        "mean_cohesion": 0.5792862971623739
    },
    "npmi_negative": {
        "mean_confidence": 0.6883886555830637,
        "mean_cohesion": 0.6011838366587957
    },
    "npmi_positive": {
        "mean_confidence": 0.6710520188013712,
        "mean_cohesion": 0.5792862971623739
    },
    "scci_negative": {
        "mean_confidence": 0.691868007183075,
        "mean_cohesion": 0.607958197593689
    },
    "scci_positive": {
        "mean_confidence": 0.6878489255905151,
        "mean_cohesion": 0.613781750202179
    },
    "semantic_coherence_negative": {
        "mean_confidence": 0.6883886555830637,
        "mean_cohesion": 0.6011838366587957
    },
    "semantic_coherence_positive": {
        "mean_confidence": 0.6710520188013712,
        "mean_cohesion": 0.5792862971623739
    },
    "silhouette_score_negative": {
        "mean_confidence": 0.7133626070889559,
        "mean_cohesion": 0.6000639742070978
    },
    "silhouette_score_positive": {
        "mean_confidence": 0.6764708518981933,
        "mean_cohesion": 0.5887896656990051
    },
    "best_mean_confidence": [
        [
            "silhouette_score_negative"
        ],
        0.7133626070889559
    ],
    "best_mean_cohesion": [
        [
            "inter_distance_positive",
            "scci_positive"
        ],
        0.613781750202179
    ],
    "best_mean_metrics": 0.6635721786455675
}