{
    "3": {
        "silhouette_score": -0.06640881299972534,
        "semantic_coherence": 0.48728740215301514,
        "intra_distance": 1.0412329386119639,
        "inter_distance": 0.8508162731418737,
        "npmi": 17.650806188090876,
        "scci": 0.536035050720472
    },
    "4": {
        "silhouette_score": -0.047591935843229294,
        "semantic_coherence": 0.48271310329437256,
        "intra_distance": 1.069131686831086,
        "inter_distance": 0.9336692292972911,
        "npmi": 17.18889661970862,
        "scci": 0.7620426893911987
    },
    "5": {
        "silhouette_score": -0.04543333128094673,
        "semantic_coherence": 0.47004446387290955,
        "intra_distance": 1.0400431144925348,
        "inter_distance": 0.8519693035334746,
        "npmi": 16.492933809274383,
        "scci": 0.6677258286558292
    },
    "6": {
        "silhouette_score": -0.048118267208337784,
        "semantic_coherence": 0.4837665855884552,
        "intra_distance": 1.1097560655558871,
        "inter_distance": 1.0378157213934769,
        "npmi": 17.154369909499508,
        "scci": 0.8084325863173156
    },
    "7": {
        "silhouette_score": -0.03785916790366173,
        "semantic_coherence": 0.46889689564704895,
        "intra_distance": 1.092047549502013,
        "inter_distance": 0.9832155289786515,
        "npmi": 16.56619336807626,
        "scci": 0.6614464895629547
    },
    "8": {
        "silhouette_score": -0.03626343607902527,
        "semantic_coherence": 0.47836869955062866,
        "intra_distance": 0.9531451961487931,
        "inter_distance": 0.6429664755429182,
        "npmi": 16.930887028053778,
        "scci": 0.5712687993739245
    },
    "9": {
        "silhouette_score": -0.04037529230117798,
        "semantic_coherence": 0.4830053746700287,
        "intra_distance": 0.9797980478614089,
        "inter_distance": 0.7056094127112161,
        "npmi": 17.660755864307422,
        "scci": 0.562551882819938
    },
    "10": {
        "silhouette_score": -0.04128292202949524,
        "semantic_coherence": 0.48628753423690796,
        "intra_distance": 0.9922336805407335,
        "inter_distance": 0.7322871153159614,
        "npmi": 18.45428503900974,
        "scci": 0.5969869412818429
    },
    "11": {
        "silhouette_score": -0.04794945567846298,
        "semantic_coherence": 0.5079665184020996,
        "intra_distance": 1.0169305361412868,
        "inter_distance": 0.7945654768576478,
        "npmi": 19.894206342506227,
        "scci": 0.6501250754244694
    },
    "12": {
        "silhouette_score": -0.049765486270189285,
        "semantic_coherence": 0.48365703225135803,
        "intra_distance": 1.0012859729995978,
        "inter_distance": 0.7568114989694877,
        "npmi": 18.304101528851305,
        "scci": 0.6276134307462636
    },
    "13": {
        "silhouette_score": -0.04842248558998108,
        "semantic_coherence": 0.49603334069252014,
        "intra_distance": 1.0238656763245673,
        "inter_distance": 0.8053040874188568,
        "npmi": 19.05814451048383,
        "scci": 0.6454370813800494
    },
    "14": {
        "silhouette_score": -0.053032245486974716,
        "semantic_coherence": 0.49649903178215027,
        "intra_distance": 1.041169509518919,
        "inter_distance": 0.8440446127756285,
        "npmi": 18.904534902780306,
        "scci": 0.659260638270715
    }
}