{
    "3": {
        "silhouette_score": -0.06119128689169884,
        "semantic_coherence": 0.44599267840385437,
        "intra_distance": 1.1314706990184236,
        "inter_distance": 1.052054344308405,
        "npmi": 15.841852609519757,
        "scci": 0.7054607995263246
    },
    "4": {
        "silhouette_score": -0.10359260439872742,
        "semantic_coherence": 0.4577673077583313,
        "intra_distance": 1.1267335654253203,
        "inter_distance": 1.0108519214523504,
        "npmi": 16.329352521109257,
        "scci": 0.7079455882721761
    },
    "5": {
        "silhouette_score": -0.05809490382671356,
        "semantic_coherence": 0.4538969099521637,
        "intra_distance": 1.0631087572308582,
        "inter_distance": 0.8685678531782044,
        "npmi": 16.065996464046076,
        "scci": 0.5812703549184042
    },
    "6": {
        "silhouette_score": -0.06359005719423294,
        "semantic_coherence": 0.45800814032554626,
        "intra_distance": 1.17390337517513,
        "inter_distance": 1.1080829224904272,
        "npmi": 16.526870476157853,
        "scci": 0.744935860007604
    },
    "7": {
        "silhouette_score": -0.003091211663559079,
        "semantic_coherence": 0.47845199704170227,
        "intra_distance": 1.047582164467464,
        "inter_distance": 0.8285695341198911,
        "npmi": 17.27423606371165,
        "scci": 0.5793411128296395
    },
    "8": {
        "silhouette_score": -0.10515784472227097,
        "semantic_coherence": 0.48772132396698,
        "intra_distance": 1.1575351803500795,
        "inter_distance": 1.0572982501746038,
        "npmi": 17.925093553618996,
        "scci": 0.7690669669206488
    },
    "9": {
        "silhouette_score": -0.004431459587067366,
        "semantic_coherence": 0.4578404426574707,
        "intra_distance": 1.0530696100306103,
        "inter_distance": 0.8443414687820179,
        "npmi": 16.368946500039545,
        "scci": 0.5407861789571512
    },
    "10": {
        "silhouette_score": -0.022380447015166283,
        "semantic_coherence": 0.45746612548828125,
        "intra_distance": 1.0864607097061432,
        "inter_distance": 0.9202442780064757,
        "npmi": 16.654944278232893,
        "scci": 0.5580155560149015
    },
    "11": {
        "silhouette_score": -0.029220882803201675,
        "semantic_coherence": 0.4568904936313629,
        "intra_distance": 1.1430494219439886,
        "inter_distance": 1.0429910570262075,
        "npmi": 16.550633696321086,
        "scci": 0.5779223457038056
    },
    "12": {
        "silhouette_score": -0.05533260479569435,
        "semantic_coherence": 0.4747709333896637,
        "intra_distance": 1.1573226371081307,
        "inter_distance": 1.0656765407972049,
        "npmi": 17.889962919487875,
        "scci": 0.6448016510647323
    },
    "13": {
        "silhouette_score": -0.10530984401702881,
        "semantic_coherence": 0.4877295196056366,
        "intra_distance": 1.16527289096254,
        "inter_distance": 1.0783584499817496,
        "npmi": 18.41859072540535,
        "scci": 0.7363147662458445
    },
    "14": {
        "silhouette_score": -0.09701910614967346,
        "semantic_coherence": 0.4851077198982239,
        "intra_distance": 1.1172485078026555,
        "inter_distance": 0.988391184916776,
        "npmi": 18.178515249160462,
        "scci": 0.6910112636107588
    }
}