{
    "3": {
        "silhouette_score": -0.07412214577198029,
        "semantic_coherence": 0.4272036552429199,
        "intra_distance": 1.01571484434063,
        "inter_distance": 0.7857419698627646,
        "npmi": 12.825043742469289,
        "scci": 0.4933998245201715
    },
    "4": {
        "silhouette_score": -0.07393831014633179,
        "semantic_coherence": 0.4286816716194153,
        "intra_distance": 1.0199621854161758,
        "inter_distance": 0.7511818868066048,
        "npmi": 12.49796692475199,
        "scci": 0.5103806816869043
    },
    "5": {
        "silhouette_score": -0.058448050171136856,
        "semantic_coherence": 0.443543016910553,
        "intra_distance": 1.0019261656880203,
        "inter_distance": 0.7007689543879165,
        "npmi": 12.970741501691942,
        "scci": 0.5432960523757778
    },
    "6": {
        "silhouette_score": -0.061495959758758545,
        "semantic_coherence": 0.42761507630348206,
        "intra_distance": 1.0428410524234237,
        "inter_distance": 0.8151423464512572,
        "npmi": 12.388397482063311,
        "scci": 0.54985389098168
    },
    "7": {
        "silhouette_score": -0.06256604939699173,
        "semantic_coherence": 0.4341511130332947,
        "intra_distance": 1.0280003734389587,
        "inter_distance": 0.7722175200003563,
        "npmi": 12.331993379071529,
        "scci": 0.5749105370631304
    },
    "8": {
        "silhouette_score": 0.015187781304121017,
        "semantic_coherence": 0.42079341411590576,
        "intra_distance": 0.989601563997142,
        "inter_distance": 0.6798188222891026,
        "npmi": 11.622404317001712,
        "scci": 0.5906444193487532
    },
    "9": {
        "silhouette_score": -0.07067995518445969,
        "semantic_coherence": 0.4097708761692047,
        "intra_distance": 0.9783000214218505,
        "inter_distance": 0.6479603614271393,
        "npmi": 11.146784058874537,
        "scci": 0.5476275556976218
    },
    "10": {
        "silhouette_score": -0.07198357582092285,
        "semantic_coherence": 0.4025796353816986,
        "intra_distance": 0.9971545860765261,
        "inter_distance": 0.6973044253821234,
        "npmi": 10.928114390899832,
        "scci": 0.5501573423210542
    },
    "11": {
        "silhouette_score": -0.07697887718677521,
        "semantic_coherence": 0.39475730061531067,
        "intra_distance": 1.0150939002412904,
        "inter_distance": 0.7445075418237308,
        "npmi": 10.67578568859792,
        "scci": 0.5723644773740203
    },
    "12": {
        "silhouette_score": -0.08900422602891922,
        "semantic_coherence": 0.41125547885894775,
        "intra_distance": 1.0247845591409925,
        "inter_distance": 0.7711561247775168,
        "npmi": 11.424460720639454,
        "scci": 0.5713796801279882
    },
    "13": {
        "silhouette_score": -0.10247394442558289,
        "semantic_coherence": 0.41134241223335266,
        "intra_distance": 1.0317723001040178,
        "inter_distance": 0.7888515329239423,
        "npmi": 11.440169025773619,
        "scci": 0.5825131518735865
    },
    "14": {
        "silhouette_score": -0.10352416336536407,
        "semantic_coherence": 0.3906143009662628,
        "intra_distance": 1.0294515644394242,
        "inter_distance": 0.7795568604299663,
        "npmi": 10.572284955896572,
        "scci": 0.5696274484450652
    }
}