{
    "3": {
        "silhouette_score": 0.010083719156682491,
        "semantic_coherence": 0.51117342710495,
        "intra_distance": 0.8642110531459904,
        "inter_distance": 0.30891105919049755,
        "npmi": 26.514689066513387,
        "scci": 0.35541041139893254
    },
    "4": {
        "silhouette_score": 0.012489774264395237,
        "semantic_coherence": 0.48162055015563965,
        "intra_distance": 0.8631006237940154,
        "inter_distance": 0.297199017385732,
        "npmi": 23.917373939875162,
        "scci": 0.3540615373106761
    },
    "5": {
        "silhouette_score": 0.0238066203892231,
        "semantic_coherence": 0.5006744861602783,
        "intra_distance": 0.8838828886815575,
        "inter_distance": 0.38444049795465524,
        "npmi": 25.320538994949054,
        "scci": 0.3719283087792837
    },
    "6": {
        "silhouette_score": 0.05157146975398064,
        "semantic_coherence": 0.502364456653595,
        "intra_distance": 0.971573144485491,
        "inter_distance": 0.6403972016041769,
        "npmi": 25.592941216728292,
        "scci": 0.45687160184349374
    },
    "7": {
        "silhouette_score": 0.040146708488464355,
        "semantic_coherence": 0.5022501349449158,
        "intra_distance": 0.9604298566336313,
        "inter_distance": 0.6063154788568529,
        "npmi": 25.469075719758592,
        "scci": 0.4384701484560329
    },
    "8": {
        "silhouette_score": -0.011946734972298145,
        "semantic_coherence": 0.4969085454940796,
        "intra_distance": 0.9882433118233409,
        "inter_distance": 0.6907536592420762,
        "npmi": 25.596254461738887,
        "scci": 0.49391137588811657
    },
    "9": {
        "silhouette_score": -0.1468442678451538,
        "semantic_coherence": 0.46136385202407837,
        "intra_distance": 1.0493687533181084,
        "inter_distance": 0.8350510820327606,
        "npmi": 22.785721892676825,
        "scci": 0.4944658187476607
    },
    "10": {
        "silhouette_score": -0.06578601151704788,
        "semantic_coherence": 0.4992907643318176,
        "intra_distance": 1.0269749696082002,
        "inter_distance": 0.7878684315059902,
        "npmi": 25.454109833997187,
        "scci": 0.5143451363352957
    },
    "11": {
        "silhouette_score": -0.06436595320701599,
        "semantic_coherence": 0.4871941804885864,
        "intra_distance": 1.0063454956746989,
        "inter_distance": 0.7384904573506251,
        "npmi": 24.289438585503458,
        "scci": 0.510571983070409
    },
    "12": {
        "silhouette_score": -0.14173124730587006,
        "semantic_coherence": 0.47633758187294006,
        "intra_distance": 1.0817797634806356,
        "inter_distance": 0.9211934683280703,
        "npmi": 23.771329512949723,
        "scci": 0.5223682620159722
    },
    "13": {
        "silhouette_score": -0.14696462452411652,
        "semantic_coherence": 0.4966893494129181,
        "intra_distance": 1.1045034593519396,
        "inter_distance": 0.9482728823181955,
        "npmi": 25.025158658834933,
        "scci": 0.5946311466493319
    },
    "14": {
        "silhouette_score": -0.1475542038679123,
        "semantic_coherence": 0.509286105632782,
        "intra_distance": 1.1494816224602507,
        "inter_distance": 1.0443308205017159,
        "npmi": 25.894735280112318,
        "scci": 0.5960212471758978
    }
}