{
    "3": {
        "silhouette_score": 0.033947404474020004,
        "semantic_coherence": 0.45282766222953796,
        "intra_distance": 0.9065060969516443,
        "inter_distance": 0.4815361678004885,
        "npmi": 14.814570608649426,
        "scci": 0.4190368375382005
    },
    "4": {
        "silhouette_score": 0.010602525435388088,
        "semantic_coherence": 0.44883984327316284,
        "intra_distance": 0.8781621690289461,
        "inter_distance": 0.40944039166243246,
        "npmi": 14.691725776416977,
        "scci": 0.47644179011610643
    },
    "5": {
        "silhouette_score": -0.01679905317723751,
        "semantic_coherence": 0.45600852370262146,
        "intra_distance": 0.9411158465322087,
        "inter_distance": 0.5851861605974654,
        "npmi": 15.14752294303826,
        "scci": 0.4642481625001824
    },
    "6": {
        "silhouette_score": -0.0210792925208807,
        "semantic_coherence": 0.46864214539527893,
        "intra_distance": 0.9881383895509938,
        "inter_distance": 0.7127396937333246,
        "npmi": 15.787169488991877,
        "scci": 0.4898112294717428
    },
    "7": {
        "silhouette_score": -0.015029815956950188,
        "semantic_coherence": 0.47088319063186646,
        "intra_distance": 1.0061048733265274,
        "inter_distance": 0.7749569663362802,
        "npmi": 16.221746866856623,
        "scci": 0.5246614806093038
    },
    "8": {
        "silhouette_score": -0.03545201197266579,
        "semantic_coherence": 0.478560209274292,
        "intra_distance": 1.0366839580049452,
        "inter_distance": 0.8639979177178342,
        "npmi": 17.448977729046963,
        "scci": 0.6834731726839951
    },
    "9": {
        "silhouette_score": -0.03809873387217522,
        "semantic_coherence": 0.47858482599258423,
        "intra_distance": 1.0914040323977983,
        "inter_distance": 0.9748473349789484,
        "npmi": 16.85864672113518,
        "scci": 0.8018691533868889
    },
    "10": {
        "silhouette_score": -0.04143565148115158,
        "semantic_coherence": 0.4795783460140228,
        "intra_distance": 1.1130630537006823,
        "inter_distance": 1.0142329934649827,
        "npmi": 17.089731863146376,
        "scci": 0.7618614494077868
    },
    "11": {
        "silhouette_score": -0.03463113307952881,
        "semantic_coherence": 0.4926855266094208,
        "intra_distance": 1.082178902654819,
        "inter_distance": 0.943326739897001,
        "npmi": 17.602403860886525,
        "scci": 0.7037993697892622
    },
    "12": {
        "silhouette_score": -0.030944479629397392,
        "semantic_coherence": 0.4900040924549103,
        "intra_distance": 1.06291545467245,
        "inter_distance": 0.8937077185033976,
        "npmi": 17.370368544514232,
        "scci": 0.6918969974877629
    },
    "13": {
        "silhouette_score": -0.041550591588020325,
        "semantic_coherence": 0.48816198110580444,
        "intra_distance": 1.0912247847268286,
        "inter_distance": 0.9638830706499346,
        "npmi": 17.291690561883737,
        "scci": 0.7007071507006547
    },
    "14": {
        "silhouette_score": -0.13868999481201172,
        "semantic_coherence": 0.48067930340766907,
        "intra_distance": 1.0917498477595329,
        "inter_distance": 0.968141778185067,
        "npmi": 16.873295104878757,
        "scci": 0.7703438123659898
    }
}