{
    "inter_distance_negative": {
        "mean_confidence": 0.7163001082160256,
        "mean_cohesion": 0.6294579885222695
    },
    "inter_distance_positive": {
        "mean_confidence": 0.7239162564277649,
        "mean_cohesion": 0.6413098454475403
    },
    "intra_distance_negative": {
        "mean_confidence": 0.710835725069046,
        "mean_cohesion": 0.624759778380394
    },
    "intra_distance_positive": {
        "mean_confidence": 0.6863640666007995,
        "mean_cohesion": 0.6018380403518677
    },
    "npmi_negative": {
        "mean_confidence": 0.7372521029578315,
        "mean_cohesion": 0.641251179907057
    },
    "npmi_positive": {
        "mean_confidence": 0.7239162564277649,
        "mean_cohesion": 0.6413098454475403
    },
    "scci_negative": {
        "mean_confidence": 0.7063884337743124,
        "mean_cohesion": 0.6263189017772675
    },
    "scci_positive": {
        "mean_confidence": 0.7268961071968079,
        "mean_cohesion": 0.6355907022953033
    },
    "semantic_coherence_negative": {
        "mean_confidence": 0.7372521029578315,
        "mean_cohesion": 0.641251179907057
    },
    "semantic_coherence_positive": {
        "mean_confidence": 0.7239162564277649,
        "mean_cohesion": 0.6413098454475403
    },
    "silhouette_score_negative": {
        "mean_confidence": 0.7291992455720901,
        "mean_cohesion": 0.624070905148983
    },
    "silhouette_score_positive": {
        "mean_confidence": 0.7201539916651589,
        "mean_cohesion": 0.6100771001407078
    },
    "best_mean_confidence": [
        [
            "npmi_negative",
            "semantic_coherence_negative"
        ],
        0.7372521029578315
    ],
    "best_mean_cohesion": [
        [
            "inter_distance_positive",
            "npmi_positive",
            "semantic_coherence_positive"
        ],
        0.6413098454475403
    ],
    "best_mean_metrics": 0.689280974202686
}