{
    "3": {
        "silhouette_score": -0.022753553465008736,
        "semantic_coherence": 0.47259750962257385,
        "intra_distance": 0.9703574979324417,
        "inter_distance": 0.6635483102694278,
        "npmi": 17.328787029677624,
        "scci": 0.5050407504646417
    },
    "4": {
        "silhouette_score": -0.10202842205762863,
        "semantic_coherence": 0.47557932138442993,
        "intra_distance": 1.0680008705154853,
        "inter_distance": 0.8803065239764605,
        "npmi": 17.745026875313687,
        "scci": 0.582636319398714
    },
    "5": {
        "silhouette_score": -0.11512438207864761,
        "semantic_coherence": 0.4779243469238281,
        "intra_distance": 1.0762273052638216,
        "inter_distance": 0.8925327995677547,
        "npmi": 17.78296906294078,
        "scci": 0.5804521271978168
    },
    "6": {
        "silhouette_score": -0.02964942157268524,
        "semantic_coherence": 0.4786593019962311,
        "intra_distance": 0.9902626505667974,
        "inter_distance": 0.7000665045533638,
        "npmi": 17.760652979104098,
        "scci": 0.4914192053490697
    },
    "7": {
        "silhouette_score": -0.01745423674583435,
        "semantic_coherence": 0.4782400131225586,
        "intra_distance": 0.9774578719717526,
        "inter_distance": 0.6547051495722149,
        "npmi": 18.072105969132263,
        "scci": 0.4988410503058515
    },
    "8": {
        "silhouette_score": -0.18783897161483765,
        "semantic_coherence": 0.47920429706573486,
        "intra_distance": 1.0790060856436479,
        "inter_distance": 0.9060607338055299,
        "npmi": 17.862140421684863,
        "scci": 0.6958613869142602
    },
    "9": {
        "silhouette_score": -0.18994282186031342,
        "semantic_coherence": 0.49197468161582947,
        "intra_distance": 1.1001406559827347,
        "inter_distance": 0.95047753749316,
        "npmi": 18.636346107563316,
        "scci": 0.719508538751903
    },
    "10": {
        "silhouette_score": -0.18944302201271057,
        "semantic_coherence": 0.49599575996398926,
        "intra_distance": 1.1163673730288213,
        "inter_distance": 0.983996501091832,
        "npmi": 19.751805119495316,
        "scci": 0.7209806891758443
    },
    "11": {
        "silhouette_score": -0.1884625107049942,
        "semantic_coherence": 0.4749850034713745,
        "intra_distance": 1.1250962293888007,
        "inter_distance": 1.0165982988690143,
        "npmi": 18.818134408378725,
        "scci": 0.5855747098226765
    },
    "12": {
        "silhouette_score": -0.188288614153862,
        "semantic_coherence": 0.4843808114528656,
        "intra_distance": 1.1403275730366274,
        "inter_distance": 1.0406771716967462,
        "npmi": 19.125940181352178,
        "scci": 0.6035697800719406
    },
    "13": {
        "silhouette_score": -0.1860378235578537,
        "semantic_coherence": 0.49279341101646423,
        "intra_distance": 1.1365610537433293,
        "inter_distance": 1.0358907402768855,
        "npmi": 19.60981939182018,
        "scci": 0.6269285733184863
    },
    "14": {
        "silhouette_score": -0.19249895215034485,
        "semantic_coherence": 0.5122211575508118,
        "intra_distance": 1.1414973996249862,
        "inter_distance": 1.0225330035322797,
        "npmi": 20.489642060174198,
        "scci": 0.6587935184249263
    }
}