{
    "inter_distance_negative": {
        "mean_confidence": 0.7109649181365967,
        "mean_cohesion": 0.630391173892551
    },
    "inter_distance_positive": {
        "mean_confidence": 0.7123076915740967,
        "mean_cohesion": 0.6231869392924838
    },
    "intra_distance_negative": {
        "mean_confidence": 0.685038760304451,
        "mean_cohesion": 0.604385107755661
    },
    "intra_distance_positive": {
        "mean_confidence": 0.7081147034962972,
        "mean_cohesion": 0.6300453941027323
    },
    "npmi_negative": {
        "mean_confidence": 0.7109649181365967,
        "mean_cohesion": 0.630391173892551
    },
    "npmi_positive": {
        "mean_confidence": 0.7153352541582925,
        "mean_cohesion": 0.6256631357329232
    },
    "scci_negative": {
        "mean_confidence": 0.7091775139172872,
        "mean_cohesion": 0.6069686810175577
    },
    "scci_positive": {
        "mean_confidence": 0.7255289653937022,
        "mean_cohesion": 0.6303869734207789
    },
    "semantic_coherence_negative": {
        "mean_confidence": 0.7109649181365967,
        "mean_cohesion": 0.630391173892551
    },
    "semantic_coherence_positive": {
        "mean_confidence": 0.7099127769470215,
        "mean_cohesion": 0.6306293947356088
    },
    "silhouette_score_negative": {
        "mean_confidence": 0.7095865964889526,
        "mean_cohesion": 0.6211325645446777
    },
    "silhouette_score_positive": {
        "mean_confidence": 0.7298974899145273,
        "mean_cohesion": 0.6337236899595994
    },
    "best_mean_confidence": [
        [
            "silhouette_score_positive"
        ],
        0.7298974899145273
    ],
    "best_mean_cohesion": [
        [
            "silhouette_score_positive"
        ],
        0.6337236899595994
    ],
    "best_mean_metrics": 0.6818105899370633
}