{
    "3": {
        "silhouette_score": -0.08931591361761093,
        "semantic_coherence": 0.4334770143032074,
        "intra_distance": 1.126040413705922,
        "inter_distance": 1.013889709015707,
        "npmi": 13.844905269024373,
        "scci": 0.7452356917012117
    },
    "4": {
        "silhouette_score": 0.09898846596479416,
        "semantic_coherence": 0.47526925802230835,
        "intra_distance": 1.0177107835766963,
        "inter_distance": 0.7450685213463761,
        "npmi": 15.77874729931731,
        "scci": 0.5131974089553845
    },
    "5": {
        "silhouette_score": -0.07254230231046677,
        "semantic_coherence": 0.43134942650794983,
        "intra_distance": 1.0256236965902492,
        "inter_distance": 0.775959194501577,
        "npmi": 13.888155504941476,
        "scci": 0.5497687704979897
    },
    "6": {
        "silhouette_score": -0.06895618885755539,
        "semantic_coherence": 0.43064364790916443,
        "intra_distance": 1.007692015209428,
        "inter_distance": 0.7411498802638795,
        "npmi": 13.905448723656692,
        "scci": 0.5530860195173652
    },
    "7": {
        "silhouette_score": -0.07044447958469391,
        "semantic_coherence": 0.44624021649360657,
        "intra_distance": 1.0457771318475637,
        "inter_distance": 0.8292645666143189,
        "npmi": 14.759327223749523,
        "scci": 0.5796004720958471
    },
    "8": {
        "silhouette_score": -0.08350960910320282,
        "semantic_coherence": 0.46907854080200195,
        "intra_distance": 1.1608856356983583,
        "inter_distance": 1.0779328726989237,
        "npmi": 15.881611384094347,
        "scci": 0.6989162567854982
    },
    "9": {
        "silhouette_score": -0.08509574830532074,
        "semantic_coherence": 0.4739011526107788,
        "intra_distance": 1.1675509205104957,
        "inter_distance": 1.0848553772784746,
        "npmi": 16.01730677189697,
        "scci": 0.6370032499139084
    },
    "10": {
        "silhouette_score": -0.11655294895172119,
        "semantic_coherence": 0.46611228585243225,
        "intra_distance": 1.1528607820639558,
        "inter_distance": 1.060537044714845,
        "npmi": 15.621223364291353,
        "scci": 0.6802217167538892
    },
    "11": {
        "silhouette_score": -0.11062842607498169,
        "semantic_coherence": 0.45497024059295654,
        "intra_distance": 1.0629153542248542,
        "inter_distance": 0.8699928089976611,
        "npmi": 15.208471652041483,
        "scci": 0.6275349287231727
    },
    "12": {
        "silhouette_score": -0.12059690058231354,
        "semantic_coherence": 0.46639326214790344,
        "intra_distance": 1.1506992231309703,
        "inter_distance": 1.0455435699860003,
        "npmi": 15.729681833091947,
        "scci": 0.6917850274016718
    },
    "13": {
        "silhouette_score": -0.12296463549137115,
        "semantic_coherence": 0.4668324887752533,
        "intra_distance": 1.1517637885435354,
        "inter_distance": 1.0467579237101565,
        "npmi": 15.720879070856379,
        "scci": 0.6876320885927004
    },
    "14": {
        "silhouette_score": -0.12012837082147598,
        "semantic_coherence": 0.4758896827697754,
        "intra_distance": 1.1409052717432424,
        "inter_distance": 1.022902225150436,
        "npmi": 16.113156247621582,
        "scci": 0.7144541828760075
    }
}