{
    "inter_distance_negative": {
        "mean_confidence": 0.7110913762679467,
        "mean_cohesion": 0.6260093817344079
    },
    "inter_distance_positive": {
        "mean_confidence": 0.7210765251746545,
        "mean_cohesion": 0.6380109649438125
    },
    "intra_distance_negative": {
        "mean_confidence": 0.7311636408170065,
        "mean_cohesion": 0.612630565961202
    },
    "intra_distance_positive": {
        "mean_confidence": 0.7126308547125922,
        "mean_cohesion": 0.6253904965188768
    },
    "npmi_negative": {
        "mean_confidence": 0.7477407634258271,
        "mean_cohesion": 0.640232515335083
    },
    "npmi_positive": {
        "mean_confidence": 0.7210765251746545,
        "mean_cohesion": 0.6380109649438125
    },
    "scci_negative": {
        "mean_confidence": 0.7302239686250687,
        "mean_cohesion": 0.6165903210639954
    },
    "scci_positive": {
        "mean_confidence": 0.7129098922014236,
        "mean_cohesion": 0.6335146054625511
    },
    "semantic_coherence_negative": {
        "mean_confidence": 0.7477407634258271,
        "mean_cohesion": 0.640232515335083
    },
    "semantic_coherence_positive": {
        "mean_confidence": 0.7210765251746545,
        "mean_cohesion": 0.6380109649438125
    },
    "silhouette_score_negative": {
        "mean_confidence": 0.7311636408170065,
        "mean_cohesion": 0.612630565961202
    },
    "silhouette_score_positive": {
        "mean_confidence": 0.7229066242774328,
        "mean_cohesion": 0.6371332009633383
    },
    "best_mean_confidence": [
        [
            "npmi_negative",
            "semantic_coherence_negative"
        ],
        0.7477407634258271
    ],
    "best_mean_cohesion": [
        [
            "npmi_negative",
            "semantic_coherence_negative"
        ],
        0.640232515335083
    ],
    "best_mean_metrics": 0.693986639380455
}