{
    "3": {
        "silhouette_score": 0.025988351553678513,
        "semantic_coherence": 0.44014522433280945,
        "intra_distance": 0.9065886873887891,
        "inter_distance": 0.4963151781166395,
        "npmi": 12.175500451065062,
        "scci": 0.47798496036301824
    },
    "4": {
        "silhouette_score": 0.019766822457313538,
        "semantic_coherence": 0.4296805262565613,
        "intra_distance": 0.9110277427572349,
        "inter_distance": 0.4968788260283655,
        "npmi": 11.946394435839423,
        "scci": 0.46677489270468553
    },
    "5": {
        "silhouette_score": 0.016521988436579704,
        "semantic_coherence": 0.4451276659965515,
        "intra_distance": 0.914852902311593,
        "inter_distance": 0.5116962503043985,
        "npmi": 12.427707313769801,
        "scci": 0.4930438590106667
    },
    "6": {
        "silhouette_score": -0.025937989354133606,
        "semantic_coherence": 0.4440285265445709,
        "intra_distance": 0.8999733462789076,
        "inter_distance": 0.4596609974924062,
        "npmi": 12.461084654808012,
        "scci": 0.4822942497629381
    },
    "7": {
        "silhouette_score": -0.01042878907173872,
        "semantic_coherence": 0.42957136034965515,
        "intra_distance": 0.9239568965464302,
        "inter_distance": 0.5355728775558267,
        "npmi": 11.89649967342435,
        "scci": 0.49684905481571784
    },
    "8": {
        "silhouette_score": -0.0484590083360672,
        "semantic_coherence": 0.4357478618621826,
        "intra_distance": 0.9608880914931014,
        "inter_distance": 0.6452054173286671,
        "npmi": 12.205248281282886,
        "scci": 0.5425149612204767
    },
    "9": {
        "silhouette_score": -0.05224037170410156,
        "semantic_coherence": 0.43802201747894287,
        "intra_distance": 0.992339785370329,
        "inter_distance": 0.7290355169003342,
        "npmi": 12.25659655235917,
        "scci": 0.5785895310137414
    },
    "10": {
        "silhouette_score": -0.07389771938323975,
        "semantic_coherence": 0.4197108745574951,
        "intra_distance": 1.0477612162587089,
        "inter_distance": 0.8608413580574671,
        "npmi": 11.575280219486439,
        "scci": 0.6113765192680988
    },
    "11": {
        "silhouette_score": -0.1343984752893448,
        "semantic_coherence": 0.4169825613498688,
        "intra_distance": 1.0466933678617538,
        "inter_distance": 0.8607568587591433,
        "npmi": 11.441134303141013,
        "scci": 0.6311044899487083
    },
    "12": {
        "silhouette_score": -0.13141469657421112,
        "semantic_coherence": 0.41436052322387695,
        "intra_distance": 1.0626652256269924,
        "inter_distance": 0.8890598261362304,
        "npmi": 11.401458356583523,
        "scci": 0.6862533553489444
    },
    "13": {
        "silhouette_score": -0.14333519339561462,
        "semantic_coherence": 0.4123959243297577,
        "intra_distance": 1.0634926073128743,
        "inter_distance": 0.8879790835433957,
        "npmi": 11.328467167391125,
        "scci": 0.6919251997612609
    },
    "14": {
        "silhouette_score": -0.14989763498306274,
        "semantic_coherence": 0.4071179926395416,
        "intra_distance": 1.0721173273069224,
        "inter_distance": 0.9085500493736606,
        "npmi": 11.160523960020909,
        "scci": 0.7059622566516659
    }
}