{
    "3": {
        "silhouette_score": -0.006386192981153727,
        "semantic_coherence": 0.49843451380729675,
        "intra_distance": 0.8570276675148597,
        "inter_distance": 0.30228382772705664,
        "npmi": 27.39524912635809,
        "scci": 0.3576256597777967
    },
    "4": {
        "silhouette_score": 0.013632594607770443,
        "semantic_coherence": 0.5091111660003662,
        "intra_distance": 0.933128817087979,
        "inter_distance": 0.5550563688844998,
        "npmi": 28.066048501888687,
        "scci": 0.3867375238615817
    },
    "5": {
        "silhouette_score": 0.010361445136368275,
        "semantic_coherence": 0.5114418268203735,
        "intra_distance": 0.8806952147843713,
        "inter_distance": 0.372437821643258,
        "npmi": 28.440931096791076,
        "scci": 0.36812600691305664
    },
    "6": {
        "silhouette_score": 0.024448944255709648,
        "semantic_coherence": 0.5136734843254089,
        "intra_distance": 0.8940076053798506,
        "inter_distance": 0.424751924170989,
        "npmi": 28.50487766223175,
        "scci": 0.4009479072185452
    },
    "7": {
        "silhouette_score": 0.025378912687301636,
        "semantic_coherence": 0.5168837308883667,
        "intra_distance": 0.8951755037357813,
        "inter_distance": 0.4268498946912251,
        "npmi": 28.49310940107056,
        "scci": 0.40625148961571544
    },
    "8": {
        "silhouette_score": -0.022854279726743698,
        "semantic_coherence": 0.5214904546737671,
        "intra_distance": 0.9432509655867619,
        "inter_distance": 0.5730621246083835,
        "npmi": 29.45550588333828,
        "scci": 0.42255531026093374
    },
    "9": {
        "silhouette_score": -0.012968691065907478,
        "semantic_coherence": 0.5248157978057861,
        "intra_distance": 0.8953444846430626,
        "inter_distance": 0.41717317956597,
        "npmi": 28.99408272934231,
        "scci": 0.3868033073215045
    },
    "10": {
        "silhouette_score": -0.024234281852841377,
        "semantic_coherence": 0.5193973183631897,
        "intra_distance": 0.932956042232967,
        "inter_distance": 0.533471107195118,
        "npmi": 28.494106069786888,
        "scci": 0.4022463681095908
    },
    "11": {
        "silhouette_score": 0.06571269780397415,
        "semantic_coherence": 0.5265752673149109,
        "intra_distance": 1.0079683109771513,
        "inter_distance": 0.7468155482828613,
        "npmi": 29.395732389684895,
        "scci": 0.46333405069273736
    },
    "12": {
        "silhouette_score": -0.04049568995833397,
        "semantic_coherence": 0.5374886393547058,
        "intra_distance": 0.9967272411376102,
        "inter_distance": 0.7154695766468531,
        "npmi": 30.232329534946345,
        "scci": 0.4815721888390554
    },
    "13": {
        "silhouette_score": -0.039150312542915344,
        "semantic_coherence": 0.5346190929412842,
        "intra_distance": 1.0212812888189233,
        "inter_distance": 0.7748033780535207,
        "npmi": 29.617750666243897,
        "scci": 0.49922040104339704
    },
    "14": {
        "silhouette_score": -0.06180097907781601,
        "semantic_coherence": 0.5121709704399109,
        "intra_distance": 1.0229542742923134,
        "inter_distance": 0.7804089038096932,
        "npmi": 27.8642185454697,
        "scci": 0.4939351817241946
    }
}