{
    "3": {
        "silhouette_score": 0.06412065029144287,
        "semantic_coherence": 0.47744080424308777,
        "intra_distance": 0.879091885750999,
        "inter_distance": 0.3843458004181675,
        "npmi": 22.695976493073378,
        "scci": 0.38972904782884127
    },
    "4": {
        "silhouette_score": 0.01180341374129057,
        "semantic_coherence": 0.48861929774284363,
        "intra_distance": 0.8863861202136423,
        "inter_distance": 0.387858392474509,
        "npmi": 23.232351074474764,
        "scci": 0.36131217939935356
    },
    "5": {
        "silhouette_score": 0.009901336394250393,
        "semantic_coherence": 0.4794856607913971,
        "intra_distance": 0.9387182079270964,
        "inter_distance": 0.5510185647492373,
        "npmi": 22.76725794654787,
        "scci": 0.40981699445831643
    },
    "6": {
        "silhouette_score": 0.025215594097971916,
        "semantic_coherence": 0.49544453620910645,
        "intra_distance": 1.0064909120721663,
        "inter_distance": 0.7281405869041379,
        "npmi": 24.224576049927013,
        "scci": 0.4813608885268671
    },
    "7": {
        "silhouette_score": 0.025117211043834686,
        "semantic_coherence": 0.4984845221042633,
        "intra_distance": 0.9710130872044654,
        "inter_distance": 0.6325902634005607,
        "npmi": 24.083732080235873,
        "scci": 0.45061595839755036
    },
    "8": {
        "silhouette_score": -0.03283410146832466,
        "semantic_coherence": 0.4895399808883667,
        "intra_distance": 1.0458696221923391,
        "inter_distance": 0.8352735189854911,
        "npmi": 23.849087860547634,
        "scci": 0.4988177239662651
    },
    "9": {
        "silhouette_score": -0.04304136708378792,
        "semantic_coherence": 0.49775785207748413,
        "intra_distance": 1.095914264104495,
        "inter_distance": 0.9373973537487363,
        "npmi": 24.17028098472124,
        "scci": 0.5563572727337478
    },
    "10": {
        "silhouette_score": -0.18911661207675934,
        "semantic_coherence": 0.49648523330688477,
        "intra_distance": 1.0868654994634315,
        "inter_distance": 0.9290508824017012,
        "npmi": 23.970795272820123,
        "scci": 0.5908336540372815
    },
    "11": {
        "silhouette_score": -0.20309509336948395,
        "semantic_coherence": 0.489719957113266,
        "intra_distance": 1.1218947490545106,
        "inter_distance": 0.9860570622922403,
        "npmi": 23.2429237192333,
        "scci": 0.673086118492136
    },
    "12": {
        "silhouette_score": -0.20328949391841888,
        "semantic_coherence": 0.5021555423736572,
        "intra_distance": 1.1425030099862503,
        "inter_distance": 1.0236575805579788,
        "npmi": 24.355090421230503,
        "scci": 0.6831038262381945
    },
    "13": {
        "silhouette_score": -0.1898368000984192,
        "semantic_coherence": 0.5058581829071045,
        "intra_distance": 1.1137023948975984,
        "inter_distance": 0.9654101254092858,
        "npmi": 24.61374406639533,
        "scci": 0.6786712916912477
    },
    "14": {
        "silhouette_score": -0.2038632184267044,
        "semantic_coherence": 0.5178084373474121,
        "intra_distance": 1.1644375668745273,
        "inter_distance": 1.0643183915624068,
        "npmi": 25.889713576022142,
        "scci": 0.7154900564612214
    }
}