{
    "3": {
        "silhouette_score": -0.11400156468153,
        "semantic_coherence": 0.4425065815448761,
        "intra_distance": 1.0519594096057203,
        "inter_distance": 0.7999825273049882,
        "npmi": 12.557029231163755,
        "scci": 0.5409332963150536
    },
    "4": {
        "silhouette_score": -0.12937475740909576,
        "semantic_coherence": 0.43391746282577515,
        "intra_distance": 1.072887106503245,
        "inter_distance": 0.844053155912107,
        "npmi": 12.056457139159075,
        "scci": 0.6066981269949958
    },
    "5": {
        "silhouette_score": -0.10962571948766708,
        "semantic_coherence": 0.4337349534034729,
        "intra_distance": 1.0435967700653246,
        "inter_distance": 0.7789427398582625,
        "npmi": 11.934873629301572,
        "scci": 0.6394427048117395
    },
    "6": {
        "silhouette_score": -0.10876148194074631,
        "semantic_coherence": 0.4417966306209564,
        "intra_distance": 1.0977505915277457,
        "inter_distance": 0.9006566270857054,
        "npmi": 12.072839779616594,
        "scci": 0.6532022946984285
    },
    "7": {
        "silhouette_score": -0.12095442414283752,
        "semantic_coherence": 0.44055333733558655,
        "intra_distance": 1.0993887251548595,
        "inter_distance": 0.8934322325275862,
        "npmi": 11.895395085719286,
        "scci": 0.6416389428703667
    },
    "8": {
        "silhouette_score": -0.09728851914405823,
        "semantic_coherence": 0.4306644797325134,
        "intra_distance": 1.1146595282195257,
        "inter_distance": 0.9374365994772581,
        "npmi": 11.59435303521455,
        "scci": 0.5902106752050824
    },
    "9": {
        "silhouette_score": -0.10893257707357407,
        "semantic_coherence": 0.4218858778476715,
        "intra_distance": 1.1571815407244581,
        "inter_distance": 1.0386391382718398,
        "npmi": 11.261944339522131,
        "scci": 0.6400630425722069
    },
    "10": {
        "silhouette_score": -0.0961524173617363,
        "semantic_coherence": 0.42457151412963867,
        "intra_distance": 1.1126370599351119,
        "inter_distance": 0.949256826651024,
        "npmi": 11.257244030641194,
        "scci": 0.7638791235532045
    },
    "11": {
        "silhouette_score": -0.09592613577842712,
        "semantic_coherence": 0.41878604888916016,
        "intra_distance": 1.1220454348873374,
        "inter_distance": 0.9727321549970309,
        "npmi": 11.081300437453459,
        "scci": 0.7940147096849658
    },
    "12": {
        "silhouette_score": -0.12568308413028717,
        "semantic_coherence": 0.41302061080932617,
        "intra_distance": 1.1159168284159122,
        "inter_distance": 0.9596849262726347,
        "npmi": 10.921359804452507,
        "scci": 0.8223104739959446
    },
    "13": {
        "silhouette_score": -0.12594082951545715,
        "semantic_coherence": 0.4028205871582031,
        "intra_distance": 1.1164807091399231,
        "inter_distance": 0.9608657408691025,
        "npmi": 10.610237149024833,
        "scci": 0.8005707026969113
    },
    "14": {
        "silhouette_score": -0.13179254531860352,
        "semantic_coherence": 0.37141008249350954,
        "intra_distance": 1.1222221084552821,
        "inter_distance": 0.9772793352807451,
        "npmi": 9.784063274301031,
        "scci": 0.7435229055626363
    }
}