{
    "inter_distance_negative": {
        "mean_confidence": 0.7261209885279337,
        "mean_cohesion": 0.6409509479999542
    },
    "inter_distance_positive": {
        "mean_confidence": 0.685405949751536,
        "mean_cohesion": 0.6054536600907644
    },
    "intra_distance_negative": {
        "mean_confidence": 0.7122557684779167,
        "mean_cohesion": 0.6237706542015076
    },
    "intra_distance_positive": {
        "mean_confidence": 0.7332008853554726,
        "mean_cohesion": 0.6271457821130753
    },
    "npmi_negative": {
        "mean_confidence": 0.7282397638667714,
        "mean_cohesion": 0.6395710760896857
    },
    "npmi_positive": {
        "mean_confidence": 0.7458057006200155,
        "mean_cohesion": 0.6431150237719218
    },
    "scci_negative": {
        "mean_confidence": 0.7261209885279337,
        "mean_cohesion": 0.6409509479999542
    },
    "scci_positive": {
        "mean_confidence": 0.7383623948464026,
        "mean_cohesion": 0.6406630231783941
    },
    "semantic_coherence_negative": {
        "mean_confidence": 0.7282397638667714,
        "mean_cohesion": 0.6395710760896857
    },
    "semantic_coherence_positive": {
        "mean_confidence": 0.7458057006200155,
        "mean_cohesion": 0.6431150237719218
    },
    "silhouette_score_negative": {
        "mean_confidence": 0.7122557684779167,
        "mean_cohesion": 0.6237706542015076
    },
    "silhouette_score_positive": {
        "mean_confidence": 0.7358834594488144,
        "mean_cohesion": 0.6207902282476425
    },
    "best_mean_confidence": [
        [
            "npmi_positive",
            "semantic_coherence_positive"
        ],
        0.7458057006200155
    ],
    "best_mean_cohesion": [
        [
            "npmi_positive",
            "semantic_coherence_positive"
        ],
        0.6431150237719218
    ],
    "best_mean_metrics": 0.6944603621959686
}