{
    "3": {
        "silhouette_score": 0.05540655180811882,
        "semantic_coherence": 0.5279732346534729,
        "intra_distance": 0.8626730968983377,
        "inter_distance": 0.33695260839039093,
        "npmi": 30.84656845888033,
        "scci": 0.354866245230779
    },
    "4": {
        "silhouette_score": 0.030464354902505875,
        "semantic_coherence": 0.5277852416038513,
        "intra_distance": 0.8929199954041573,
        "inter_distance": 0.4368579585261549,
        "npmi": 30.554545002288002,
        "scci": 0.3725077834558968
    },
    "5": {
        "silhouette_score": 0.03511984273791313,
        "semantic_coherence": 0.5203773975372314,
        "intra_distance": 0.8915889748387931,
        "inter_distance": 0.42757224250481646,
        "npmi": 29.668309262938568,
        "scci": 0.3733969813368976
    },
    "6": {
        "silhouette_score": 0.040690936148166656,
        "semantic_coherence": 0.5351271033287048,
        "intra_distance": 0.9935145660142166,
        "inter_distance": 0.7112504790398394,
        "npmi": 32.52407358620728,
        "scci": 0.46561614555694997
    },
    "7": {
        "silhouette_score": -0.033843882381916046,
        "semantic_coherence": 0.5183936357498169,
        "intra_distance": 0.8917842597352007,
        "inter_distance": 0.41777730640014743,
        "npmi": 29.26730011958969,
        "scci": 0.3755365267344851
    },
    "8": {
        "silhouette_score": 0.02048514410853386,
        "semantic_coherence": 0.5406185388565063,
        "intra_distance": 1.0312501325913994,
        "inter_distance": 0.8165728648571937,
        "npmi": 32.49101494765692,
        "scci": 0.5032385767372667
    },
    "9": {
        "silhouette_score": 0.029093636199831963,
        "semantic_coherence": 0.5385419726371765,
        "intra_distance": 1.004086867782409,
        "inter_distance": 0.7439471106513247,
        "npmi": 31.362993763587276,
        "scci": 0.4865474831158439
    },
    "10": {
        "silhouette_score": 0.03930814936757088,
        "semantic_coherence": 0.5304770469665527,
        "intra_distance": 0.9664935308015332,
        "inter_distance": 0.6349629387505981,
        "npmi": 30.300239232494828,
        "scci": 0.4328799299223764
    },
    "11": {
        "silhouette_score": 0.05635995417833328,
        "semantic_coherence": 0.5275301337242126,
        "intra_distance": 0.9695795988259923,
        "inter_distance": 0.6428470758787856,
        "npmi": 29.82429735954329,
        "scci": 0.42065624476963476
    },
    "12": {
        "silhouette_score": -0.02760428376495838,
        "semantic_coherence": 0.5331270694732666,
        "intra_distance": 1.0464688296009899,
        "inter_distance": 0.8420161674171518,
        "npmi": 30.65232836208435,
        "scci": 0.49570571581673334
    },
    "13": {
        "silhouette_score": -0.011579635553061962,
        "semantic_coherence": 0.5184480547904968,
        "intra_distance": 1.084446585427762,
        "inter_distance": 0.9310525791119241,
        "npmi": 28.56335993000258,
        "scci": 0.5366826046159364
    },
    "14": {
        "silhouette_score": -0.01844758540391922,
        "semantic_coherence": 0.5316368937492371,
        "intra_distance": 1.0861097351923141,
        "inter_distance": 0.9215118516874732,
        "npmi": 30.50677003896899,
        "scci": 0.5294474380889271
    }
}