{
    "inter_distance_negative": {
        "mean_confidence": 0.7076600372791291,
        "mean_cohesion": 0.6219326198101044
    },
    "inter_distance_positive": {
        "mean_confidence": 0.7110337734222412,
        "mean_cohesion": 0.6144967436790466
    },
    "intra_distance_negative": {
        "mean_confidence": 0.6975567042827606,
        "mean_cohesion": 0.6131950446537563
    },
    "intra_distance_positive": {
        "mean_confidence": 0.693818986415863,
        "mean_cohesion": 0.6040615439414978
    },
    "npmi_negative": {
        "mean_confidence": 0.7201873339139498,
        "mean_cohesion": 0.6291317435411307
    },
    "npmi_positive": {
        "mean_confidence": 0.7321668522698539,
        "mean_cohesion": 0.6374509888035911
    },
    "scci_negative": {
        "mean_confidence": 0.7012056178516812,
        "mean_cohesion": 0.6158312890264723
    },
    "scci_positive": {
        "mean_confidence": 0.7274983387727004,
        "mean_cohesion": 0.6337463672344501
    },
    "semantic_coherence_negative": {
        "mean_confidence": 0.7201873339139498,
        "mean_cohesion": 0.6291317435411307
    },
    "semantic_coherence_positive": {
        "mean_confidence": 0.7321668522698539,
        "mean_cohesion": 0.6374509888035911
    },
    "silhouette_score_negative": {
        "mean_confidence": 0.6975567042827606,
        "mean_cohesion": 0.6131950446537563
    },
    "silhouette_score_positive": {
        "mean_confidence": 0.693818986415863,
        "mean_cohesion": 0.6040615439414978
    },
    "best_mean_confidence": [
        [
            "npmi_positive",
            "semantic_coherence_positive"
        ],
        0.7321668522698539
    ],
    "best_mean_cohesion": [
        [
            "npmi_positive",
            "semantic_coherence_positive"
        ],
        0.6374509888035911
    ],
    "best_mean_metrics": 0.6848089205367225
}