{
    "3": {
        "silhouette_score": -0.10307595133781433,
        "semantic_coherence": 0.4679126441478729,
        "intra_distance": 1.0325037164936202,
        "inter_distance": 0.7950096952500548,
        "npmi": 15.184261434266439,
        "scci": 0.520811673752357
    },
    "4": {
        "silhouette_score": -0.057488515973091125,
        "semantic_coherence": 0.4737621247768402,
        "intra_distance": 1.0391780503405714,
        "inter_distance": 0.85600730392156,
        "npmi": 15.318541966840566,
        "scci": 0.5319723271983985
    },
    "5": {
        "silhouette_score": -0.0523599348962307,
        "semantic_coherence": 0.4911961555480957,
        "intra_distance": 1.0441199942905,
        "inter_distance": 0.8371262250304511,
        "npmi": 16.081901146626844,
        "scci": 0.5525281897268057
    },
    "6": {
        "silhouette_score": -0.04715346917510033,
        "semantic_coherence": 0.47320327162742615,
        "intra_distance": 1.0576792864359097,
        "inter_distance": 0.8725635775902567,
        "npmi": 15.350862207945234,
        "scci": 0.5952220660090045
    },
    "7": {
        "silhouette_score": -0.1759623885154724,
        "semantic_coherence": 0.46047860383987427,
        "intra_distance": 1.0571657610167013,
        "inter_distance": 0.8814063336105514,
        "npmi": 14.827361068040172,
        "scci": 0.6493676509176662
    },
    "8": {
        "silhouette_score": -0.03046782873570919,
        "semantic_coherence": 0.48201698064804077,
        "intra_distance": 1.0055100395447711,
        "inter_distance": 0.7431784900710833,
        "npmi": 15.708772585186026,
        "scci": 0.61509995387487
    },
    "9": {
        "silhouette_score": -0.05649525299668312,
        "semantic_coherence": 0.4776507019996643,
        "intra_distance": 1.0204164413512964,
        "inter_distance": 0.776590191728239,
        "npmi": 15.434060293284672,
        "scci": 0.6335637133606207
    },
    "10": {
        "silhouette_score": -0.05822238698601723,
        "semantic_coherence": 0.4683394432067871,
        "intra_distance": 1.036579822221377,
        "inter_distance": 0.8054636709315937,
        "npmi": 15.07312358446855,
        "scci": 0.6361711937664455
    },
    "11": {
        "silhouette_score": -0.0807831883430481,
        "semantic_coherence": 0.47120192646980286,
        "intra_distance": 1.0435487717878775,
        "inter_distance": 0.8158416784380437,
        "npmi": 15.157748910644697,
        "scci": 0.6448292180867613
    },
    "12": {
        "silhouette_score": -0.11267020553350449,
        "semantic_coherence": 0.461967796087265,
        "intra_distance": 1.048704382987234,
        "inter_distance": 0.8290264697440457,
        "npmi": 14.747712799421024,
        "scci": 0.6507250387738363
    },
    "13": {
        "silhouette_score": -0.11394195258617401,
        "semantic_coherence": 0.4610725939273834,
        "intra_distance": 1.050559113040993,
        "inter_distance": 0.8294805200590583,
        "npmi": 14.688459511269171,
        "scci": 0.6612336875762174
    },
    "14": {
        "silhouette_score": -0.11883097141981125,
        "semantic_coherence": 0.45505937933921814,
        "intra_distance": 1.055948902953971,
        "inter_distance": 0.840831775806574,
        "npmi": 14.443905044259667,
        "scci": 0.6811037094572209
    }
}