{
    "inter_distance_negative": {
        "mean_confidence": 0.7035475770632426,
        "mean_cohesion": 0.6153673397170173
    },
    "inter_distance_positive": {
        "mean_confidence": 0.7248096678938184,
        "mean_cohesion": 0.63884950535638
    },
    "intra_distance_negative": {
        "mean_confidence": 0.7157562255859375,
        "mean_cohesion": 0.6193580389022827
    },
    "intra_distance_positive": {
        "mean_confidence": 0.7120292584101359,
        "mean_cohesion": 0.6200295090675354
    },
    "npmi_negative": {
        "mean_confidence": 0.7195365031560262,
        "mean_cohesion": 0.6255865891774496
    },
    "npmi_positive": {
        "mean_confidence": 0.7150414402668293,
        "mean_cohesion": 0.6451912614015433
    },
    "scci_negative": {
        "mean_confidence": 0.7057874848445257,
        "mean_cohesion": 0.6231517096360525
    },
    "scci_positive": {
        "mean_confidence": 0.7150414402668293,
        "mean_cohesion": 0.6451912614015433
    },
    "semantic_coherence_negative": {
        "mean_confidence": 0.7195365031560262,
        "mean_cohesion": 0.6255865891774496
    },
    "semantic_coherence_positive": {
        "mean_confidence": 0.7150414402668293,
        "mean_cohesion": 0.6451912614015433
    },
    "silhouette_score_negative": {
        "mean_confidence": 0.7067262584512884,
        "mean_cohesion": 0.6235055869275873
    },
    "silhouette_score_positive": {
        "mean_confidence": 0.7120292584101359,
        "mean_cohesion": 0.6200295090675354
    },
    "best_mean_confidence": [
        [
            "inter_distance_positive"
        ],
        0.7248096678938184
    ],
    "best_mean_cohesion": [
        [
            "npmi_positive",
            "scci_positive",
            "semantic_coherence_positive"
        ],
        0.6451912614015433
    ],
    "best_mean_metrics": 0.6850004646476808
}