{
    "inter_distance_negative": {
        "mean_confidence": 0.7082956112348117,
        "mean_cohesion": 0.614185067323538
    },
    "inter_distance_positive": {
        "mean_confidence": 0.7157050187771137,
        "mean_cohesion": 0.6385331062170175
    },
    "intra_distance_negative": {
        "mean_confidence": 0.7376992702484131,
        "mean_cohesion": 0.6188453237215678
    },
    "intra_distance_positive": {
        "mean_confidence": 0.7071035901705424,
        "mean_cohesion": 0.6250059207280477
    },
    "npmi_negative": {
        "mean_confidence": 0.7096433043479919,
        "mean_cohesion": 0.612794448932012
    },
    "npmi_positive": {
        "mean_confidence": 0.7157050187771137,
        "mean_cohesion": 0.6385331062170175
    },
    "scci_negative": {
        "mean_confidence": 0.7096433043479919,
        "mean_cohesion": 0.612794448932012
    },
    "scci_positive": {
        "mean_confidence": 0.7157050187771137,
        "mean_cohesion": 0.6385331062170175
    },
    "semantic_coherence_negative": {
        "mean_confidence": 0.7096433043479919,
        "mean_cohesion": 0.612794448932012
    },
    "semantic_coherence_positive": {
        "mean_confidence": 0.7157050187771137,
        "mean_cohesion": 0.6385331062170175
    },
    "silhouette_score_negative": {
        "mean_confidence": 0.7193999111652374,
        "mean_cohesion": 0.6168021738529206
    },
    "silhouette_score_positive": {
        "mean_confidence": 0.7071035901705424,
        "mean_cohesion": 0.6250059207280477
    },
    "best_mean_confidence": [
        [
            "intra_distance_negative"
        ],
        0.7376992702484131
    ],
    "best_mean_cohesion": [
        [
            "inter_distance_positive",
            "npmi_positive",
            "scci_positive",
            "semantic_coherence_positive"
        ],
        0.6385331062170175
    ],
    "best_mean_metrics": 0.6881161882327154
}