{
    "3": {
        "silhouette_score": 0.022510161623358727,
        "semantic_coherence": 0.4888691008090973,
        "intra_distance": 0.8830966175839189,
        "inter_distance": 0.3643045678031945,
        "npmi": 18.92983028126062,
        "scci": 0.4340827921710128
    },
    "4": {
        "silhouette_score": -0.05621807277202606,
        "semantic_coherence": 0.5023545026779175,
        "intra_distance": 1.0351314610363997,
        "inter_distance": 0.8082202491866406,
        "npmi": 19.855466008933774,
        "scci": 0.6104685374722201
    },
    "5": {
        "silhouette_score": -0.05644209310412407,
        "semantic_coherence": 0.49732041358947754,
        "intra_distance": 1.109952528262343,
        "inter_distance": 0.9553046009581964,
        "npmi": 20.17678861200555,
        "scci": 0.717293047608518
    },
    "6": {
        "silhouette_score": -0.059464313089847565,
        "semantic_coherence": 0.503675639629364,
        "intra_distance": 1.1360361046435248,
        "inter_distance": 1.0245064551100436,
        "npmi": 20.676069678495857,
        "scci": 0.7489154116218157
    },
    "7": {
        "silhouette_score": -0.09123606979846954,
        "semantic_coherence": 0.5078250169754028,
        "intra_distance": 1.1330448749717255,
        "inter_distance": 1.00478078858515,
        "npmi": 20.795582092492396,
        "scci": 0.7244835142389134
    },
    "8": {
        "silhouette_score": -0.1067085787653923,
        "semantic_coherence": 0.5085374712944031,
        "intra_distance": 1.1008036401616117,
        "inter_distance": 0.9165919552600268,
        "npmi": 20.13901472385289,
        "scci": 0.6537792967950837
    },
    "9": {
        "silhouette_score": -0.1939520686864853,
        "semantic_coherence": 0.5020703673362732,
        "intra_distance": 1.0888252199158077,
        "inter_distance": 0.9024793981422997,
        "npmi": 19.763876972607918,
        "scci": 0.6869153313584508
    },
    "10": {
        "silhouette_score": -0.19724684953689575,
        "semantic_coherence": 0.4927299916744232,
        "intra_distance": 1.1024257807215085,
        "inter_distance": 0.9386580183038065,
        "npmi": 19.1265488929841,
        "scci": 0.7157221011828551
    },
    "11": {
        "silhouette_score": -0.1978556364774704,
        "semantic_coherence": 0.5072762966156006,
        "intra_distance": 1.1251322922920188,
        "inter_distance": 0.9823427082048591,
        "npmi": 20.32249997712105,
        "scci": 0.7367637195959054
    },
    "12": {
        "silhouette_score": -0.19550156593322754,
        "semantic_coherence": 0.5044686794281006,
        "intra_distance": 1.1362450231478853,
        "inter_distance": 0.9992524644605267,
        "npmi": 20.11741491529072,
        "scci": 0.743062768182856
    },
    "13": {
        "silhouette_score": -0.19540542364120483,
        "semantic_coherence": 0.5113862156867981,
        "intra_distance": 1.1483933968332292,
        "inter_distance": 1.0245377084615341,
        "npmi": 20.93981797046895,
        "scci": 0.7701360315568906
    },
    "14": {
        "silhouette_score": -0.17534105479717255,
        "semantic_coherence": 0.5002081990242004,
        "intra_distance": 1.1065834633924427,
        "inter_distance": 0.9515888339049267,
        "npmi": 19.989511340084828,
        "scci": 0.6736120975080493
    }
}