{
    "3": {
        "silhouette_score": -0.045752670615911484,
        "semantic_coherence": 0.48545074462890625,
        "intra_distance": 0.9522626537983537,
        "inter_distance": 0.615114755748376,
        "npmi": 18.60144402526959,
        "scci": 0.47317990394794257
    },
    "4": {
        "silhouette_score": -0.10001350194215775,
        "semantic_coherence": 0.4965214133262634,
        "intra_distance": 1.0769303037585587,
        "inter_distance": 0.9120005540424648,
        "npmi": 19.16750270686154,
        "scci": 0.611238355390421
    },
    "5": {
        "silhouette_score": -0.08874471485614777,
        "semantic_coherence": 0.4783112108707428,
        "intra_distance": 1.0729765093575825,
        "inter_distance": 0.8996149420966516,
        "npmi": 18.215160724794316,
        "scci": 0.6459072744657728
    },
    "6": {
        "silhouette_score": -0.09364280104637146,
        "semantic_coherence": 0.47123897075653076,
        "intra_distance": 1.0908153194632917,
        "inter_distance": 0.9448070337664304,
        "npmi": 17.801945548821962,
        "scci": 0.671911859503062
    },
    "7": {
        "silhouette_score": -0.1065080463886261,
        "semantic_coherence": 0.48002174496650696,
        "intra_distance": 1.0934013710196349,
        "inter_distance": 0.9435363420019194,
        "npmi": 18.296777223530672,
        "scci": 0.6592296493570142
    },
    "8": {
        "silhouette_score": -0.10785483568906784,
        "semantic_coherence": 0.49708011746406555,
        "intra_distance": 1.0964086993718158,
        "inter_distance": 0.9299567713264068,
        "npmi": 19.215987716042463,
        "scci": 0.6083183089016008
    },
    "9": {
        "silhouette_score": -0.10273629426956177,
        "semantic_coherence": 0.491775780916214,
        "intra_distance": 1.0835356853933715,
        "inter_distance": 0.9243362329617457,
        "npmi": 18.96475813999831,
        "scci": 0.6087538144525259
    },
    "10": {
        "silhouette_score": -0.08646392822265625,
        "semantic_coherence": 0.4915717542171478,
        "intra_distance": 1.0899407086636144,
        "inter_distance": 0.9328124261908042,
        "npmi": 18.977956625769195,
        "scci": 0.6034175687806705
    },
    "11": {
        "silhouette_score": -0.053421348333358765,
        "semantic_coherence": 0.51201331615448,
        "intra_distance": 1.0916322354475632,
        "inter_distance": 0.9307431698534044,
        "npmi": 20.690599861323317,
        "scci": 0.6584988599126381
    },
    "12": {
        "silhouette_score": -0.05579999461770058,
        "semantic_coherence": 0.5084487795829773,
        "intra_distance": 1.0909278809869951,
        "inter_distance": 0.9292107087821643,
        "npmi": 20.28566275100056,
        "scci": 0.6727592995673953
    },
    "13": {
        "silhouette_score": -0.05811849981546402,
        "semantic_coherence": 0.5156541466712952,
        "intra_distance": 1.1137754086145244,
        "inter_distance": 0.9744060896338604,
        "npmi": 21.345757345427938,
        "scci": 0.707731961784328
    },
    "14": {
        "silhouette_score": -0.09801123291254044,
        "semantic_coherence": 0.5092375874519348,
        "intra_distance": 1.1606950191405567,
        "inter_distance": 1.0776118458350672,
        "npmi": 20.693806143370868,
        "scci": 0.7037812404536835
    }
}