{
    "3": {
        "silhouette_score": -0.05275459215044975,
        "semantic_coherence": 0.4621056318283081,
        "intra_distance": 1.0015915513250595,
        "inter_distance": 0.749069185282461,
        "npmi": 15.364382614447777,
        "scci": 0.5040195386768646
    },
    "4": {
        "silhouette_score": 0.032182637602090836,
        "semantic_coherence": 0.47228628396987915,
        "intra_distance": 1.0447183355398861,
        "inter_distance": 0.8629944025388174,
        "npmi": 16.045220109166213,
        "scci": 0.5034768238072465
    },
    "5": {
        "silhouette_score": 0.03317085653543472,
        "semantic_coherence": 0.45098215341567993,
        "intra_distance": 1.0603204621814377,
        "inter_distance": 0.9099863185584873,
        "npmi": 15.032016568732269,
        "scci": 0.5542884641777944
    },
    "6": {
        "silhouette_score": 0.04512777552008629,
        "semantic_coherence": 0.45552074909210205,
        "intra_distance": 0.9632119943725911,
        "inter_distance": 0.6365053818227749,
        "npmi": 15.35565171132628,
        "scci": 0.44976016467470836
    },
    "7": {
        "silhouette_score": 0.050313398241996765,
        "semantic_coherence": 0.4541078507900238,
        "intra_distance": 0.9821401549803295,
        "inter_distance": 0.678757563252333,
        "npmi": 15.430570975559291,
        "scci": 0.4598924925908909
    },
    "8": {
        "silhouette_score": -0.08378180116415024,
        "semantic_coherence": 0.47595328092575073,
        "intra_distance": 1.093045815910958,
        "inter_distance": 0.9348386451536838,
        "npmi": 16.555946705456154,
        "scci": 0.6225206656822874
    },
    "9": {
        "silhouette_score": -0.10208186507225037,
        "semantic_coherence": 0.48387452960014343,
        "intra_distance": 1.0984079661574389,
        "inter_distance": 0.9287603449904817,
        "npmi": 16.823802639176318,
        "scci": 0.6617960595544164
    },
    "10": {
        "silhouette_score": -0.11564230918884277,
        "semantic_coherence": 0.4906918406486511,
        "intra_distance": 1.1263731264654764,
        "inter_distance": 0.9776694153898599,
        "npmi": 17.350385929887427,
        "scci": 0.716333790071671
    },
    "11": {
        "silhouette_score": -0.11767790466547012,
        "semantic_coherence": 0.4824107885360718,
        "intra_distance": 1.1207997287670968,
        "inter_distance": 0.9743551907659692,
        "npmi": 16.91101512076155,
        "scci": 0.6711988340834856
    },
    "12": {
        "silhouette_score": -0.09052830189466476,
        "semantic_coherence": 0.4740718901157379,
        "intra_distance": 1.0657402359834178,
        "inter_distance": 0.8962638369967423,
        "npmi": 16.58671765964531,
        "scci": 0.6201604009996003
    },
    "13": {
        "silhouette_score": -0.1073838546872139,
        "semantic_coherence": 0.44787171483039856,
        "intra_distance": 1.0741768834034269,
        "inter_distance": 0.9082901002827065,
        "npmi": 15.16619688685756,
        "scci": 0.6210173499681102
    },
    "14": {
        "silhouette_score": -0.08811236917972565,
        "semantic_coherence": 0.44674888253211975,
        "intra_distance": 1.0118283393147283,
        "inter_distance": 0.76905990110559,
        "npmi": 15.0776323448696,
        "scci": 0.5676119975764657
    }
}