{
  "tag_acc": 0.9744656379,
  "ents_p": 0.8939598138,
  "ents_r": 0.8910123336,
  "ents_f": 0.8924836401,
  "sents_p": 1.0,
  "sents_r": 1.0,
  "sents_f": 1.0,
  "speed": 10181.536040451,
  "ents_per_type": {
    "LOC": {
      "p": 0.8942579614,
      "r": 0.9016115702,
      "f": 0.8979197103
    },
    "PER": {
      "p": 0.9343615748,
      "r": 0.9458862113,
      "f": 0.940088574
    },
    "MISC": {
      "p": 0.8330923695,
      "r": 0.7880261358,
      "f": 0.809932844
    },
    "ORG": {
      "p": 0.845263919,
      "r": 0.8104922579,
      "f": 0.8275129778
    }
  },
  "token_acc": 0.9999712591,
  "pos_acc": 0.9835713601,
  "morph_acc": 0.9789306187,
  "lemma_acc": 0.9836313802,
  "dep_uas": 0.9041403356,
  "dep_las": 0.8714534757,
  "morph_per_feat": {
    "Definite": {
      "p": 0.9976391231,
      "r": 0.9989868288,
      "f": 0.9983125211
    },
    "Gender": {
      "p": 0.9917561138,
      "r": 0.9870594714,
      "f": 0.9894022189
    },
    "Number": {
      "p": 0.9972940226,
      "r": 0.9915274655,
      "f": 0.994402384
    },
    "PronType": {
      "p": 0.9959253699,
      "r": 0.989769821,
      "f": 0.9928380545
    },
    "PunctType": {
      "p": 0.9995215311,
      "r": 0.9990435198,
      "f": 0.9992824683
    },
    "AdpType": {
      "p": 0.9997661092,
      "r": 0.9965030889,
      "f": 0.9981319323
    },
    "VerbForm": {
      "p": 0.985741147,
      "r": 0.9831223629,
      "f": 0.9844300133
    },
    "Mood": {
      "p": 0.973651192,
      "r": 0.964694182,
      "f": 0.969151992
    },
    "Person": {
      "p": 0.9891036907,
      "r": 0.9794639749,
      "f": 0.9842602308
    },
    "Tense": {
      "p": 0.9789377289,
      "r": 0.9746979713,
      "f": 0.9768132496
    },
    "NumForm": {
      "p": 0.9916527546,
      "r": 0.9627228525,
      "f": 0.9769736842
    },
    "NumType": {
      "p": 0.9843478261,
      "r": 0.9520605551,
      "f": 0.967935015
    },
    "Poss": {
      "p": 0.9981718464,
      "r": 0.9981718464,
      "f": 0.9981718464
    },
    "PunctSide": {
      "p": 1.0,
      "r": 0.998,
      "f": 0.998998999
    },
    "Case": {
      "p": 0.9906143345,
      "r": 0.9739932886,
      "f": 0.9822335025
    },
    "PrepCase": {
      "p": 0.9905462185,
      "r": 0.9741735537,
      "f": 0.9822916667
    },
    "Reflex": {
      "p": 0.9935483871,
      "r": 0.9887640449,
      "f": 0.9911504425
    },
    "Degree": {
      "p": 1.0,
      "r": 0.9679715302,
      "f": 0.9837251356
    },
    "Polarity": {
      "p": 1.0,
      "r": 0.9935064935,
      "f": 0.996742671
    },
    "AdvType": {
      "p": 0.956284153,
      "r": 0.9308510638,
      "f": 0.9433962264
    },
    "Number[psor]": {
      "p": 0.9722222222,
      "r": 1.0,
      "f": 0.985915493
    }
  },
  "dep_las_per_type": {
    "det": {
      "p": 0.9742282639,
      "r": 0.9800569801,
      "f": 0.9771339298
    },
    "nsubj": {
      "p": 0.8689731321,
      "r": 0.863569861,
      "f": 0.866263071
    },
    "case": {
      "p": 0.9617315782,
      "r": 0.9642176871,
      "f": 0.9629730281
    },
    "amod": {
      "p": 0.9064143007,
      "r": 0.9004178273,
      "f": 0.9034061135
    },
    "nmod": {
      "p": 0.8166930798,
      "r": 0.8186391316,
      "f": 0.8176649478
    },
    "mark": {
      "p": 0.8942565754,
      "r": 0.904451683,
      "f": 0.8993252362
    },
    "acl": {
      "p": 0.7130518234,
      "r": 0.7076190476,
      "f": 0.7103250478
    },
    "advcl": {
      "p": 0.5911799762,
      "r": 0.6115906289,
      "f": 0.6012121212
    },
    "nummod": {
      "p": 0.8877192982,
      "r": 0.8924162257,
      "f": 0.8900615655
    },
    "obj": {
      "p": 0.8193076274,
      "r": 0.8457292272,
      "f": 0.832308792
    },
    "obl": {
      "p": 0.7267927849,
      "r": 0.7126833477,
      "f": 0.7196689174
    },
    "advmod": {
      "p": 0.835097493,
      "r": 0.8346325167,
      "f": 0.8348649401
    },
    "fixed": {
      "p": 0.8682795699,
      "r": 0.8218829517,
      "f": 0.8444444444
    },
    "cc": {
      "p": 0.9205252246,
      "r": 0.9129540781,
      "f": 0.9167240193
    },
    "conj": {
      "p": 0.6899676375,
      "r": 0.6802807913,
      "f": 0.6850899743
    },
    "root": {
      "p": 0.9081145585,
      "r": 0.9201934704,
      "f": 0.9141141141
    },
    "flat": {
      "p": 0.9095588235,
      "r": 0.9286786787,
      "f": 0.9190193165
    },
    "xcomp": {
      "p": 0.7866323907,
      "r": 0.7518427518,
      "f": 0.7688442211
    },
    "compound": {
      "p": 0.8691588785,
      "r": 0.744,
      "f": 0.8017241379
    },
    "cop": {
      "p": 0.907079646,
      "r": 0.8798283262,
      "f": 0.8932461874
    },
    "ccomp": {
      "p": 0.8039927405,
      "r": 0.829588015,
      "f": 0.8165898618
    },
    "iobj": {
      "p": 0.8035714286,
      "r": 0.5,
      "f": 0.6164383562
    },
    "aux": {
      "p": 0.9503546099,
      "r": 0.9530583215,
      "f": 0.9517045455
    },
    "appos": {
      "p": 0.6403622251,
      "r": 0.690376569,
      "f": 0.6644295302
    },
    "csubj": {
      "p": 0.6914893617,
      "r": 0.6842105263,
      "f": 0.6878306878
    },
    "expl:pass": {
      "p": 0.5833333333,
      "r": 0.3111111111,
      "f": 0.4057971014
    },
    "dep": {
      "p": 0.0,
      "r": 0.0,
      "f": 0.0
    },
    "parataxis": {
      "p": 0.652173913,
      "r": 0.3529411765,
      "f": 0.4580152672
    },
    "orphan": {
      "p": 0.0,
      "r": 0.0,
      "f": 0.0
    },
    "nsubj:pass": {
      "p": 0.0,
      "r": 0.0,
      "f": 0.0
    },
    "aux:pass": {
      "p": 0.0,
      "r": 0.0,
      "f": 0.0
    }
  }
}