{
    "3": {
        "silhouette_score": -0.011781563051044941,
        "semantic_coherence": 0.5061804056167603,
        "intra_distance": 0.864470653746151,
        "inter_distance": 0.304805017866947,
        "npmi": 26.7197796521161,
        "scci": 0.35361670086657776
    },
    "4": {
        "silhouette_score": -0.031310807913541794,
        "semantic_coherence": 0.4784252941608429,
        "intra_distance": 0.873602460405287,
        "inter_distance": 0.3464111439999211,
        "npmi": 24.227167836023504,
        "scci": 0.37445277580535175
    },
    "5": {
        "silhouette_score": 0.020988501608371735,
        "semantic_coherence": 0.49707531929016113,
        "intra_distance": 0.894869359950944,
        "inter_distance": 0.42343988322126896,
        "npmi": 25.43006442730048,
        "scci": 0.3873701520374568
    },
    "6": {
        "silhouette_score": -0.01655922830104828,
        "semantic_coherence": 0.4919458329677582,
        "intra_distance": 0.9149789251933793,
        "inter_distance": 0.4925575892346954,
        "npmi": 24.830297242154263,
        "scci": 0.4356871619115946
    },
    "7": {
        "silhouette_score": 0.007676895707845688,
        "semantic_coherence": 0.4851078987121582,
        "intra_distance": 0.9147978416254398,
        "inter_distance": 0.4824952670829065,
        "npmi": 24.389342505163082,
        "scci": 0.40877475445949496
    },
    "8": {
        "silhouette_score": 0.04856960475444794,
        "semantic_coherence": 0.49904388189315796,
        "intra_distance": 0.9795972599575669,
        "inter_distance": 0.6586058165069859,
        "npmi": 25.472905158733642,
        "scci": 0.47715914758008826
    },
    "9": {
        "silhouette_score": -0.055986978113651276,
        "semantic_coherence": 0.5211354494094849,
        "intra_distance": 1.0368068874287706,
        "inter_distance": 0.8212259945883752,
        "npmi": 27.445063713397253,
        "scci": 0.5360928967567654
    },
    "10": {
        "silhouette_score": -0.04788636788725853,
        "semantic_coherence": 0.5243620276451111,
        "intra_distance": 1.030754592122429,
        "inter_distance": 0.8019554688218292,
        "npmi": 27.78489004467488,
        "scci": 0.5221386570210701
    },
    "11": {
        "silhouette_score": -0.18338516354560852,
        "semantic_coherence": 0.5201748609542847,
        "intra_distance": 1.027955718518156,
        "inter_distance": 0.8011838815530385,
        "npmi": 27.27000437505745,
        "scci": 0.5567748797957406
    },
    "12": {
        "silhouette_score": -0.185153067111969,
        "semantic_coherence": 0.5232870578765869,
        "intra_distance": 1.0857227360069641,
        "inter_distance": 0.9243451731390396,
        "npmi": 27.516033620709575,
        "scci": 0.589989284502569
    },
    "13": {
        "silhouette_score": -0.19119897484779358,
        "semantic_coherence": 0.5272509455680847,
        "intra_distance": 1.114935947323165,
        "inter_distance": 0.9680314745510921,
        "npmi": 27.8221448754475,
        "scci": 0.6092889946390632
    },
    "14": {
        "silhouette_score": -0.18575496971607208,
        "semantic_coherence": 0.5268994569778442,
        "intra_distance": 1.1335166541807113,
        "inter_distance": 1.0192438770358478,
        "npmi": 27.91743846001268,
        "scci": 0.6567459624285971
    }
}