{
    "inter_distance_negative": {
        "mean_confidence": 0.7125190893809,
        "mean_cohesion": 0.6184918880462646
    },
    "inter_distance_positive": {
        "mean_confidence": 0.7255627579159207,
        "mean_cohesion": 0.6241300172275968
    },
    "intra_distance_negative": {
        "mean_confidence": 0.7335395472390311,
        "mean_cohesion": 0.6273774930409023
    },
    "intra_distance_positive": {
        "mean_confidence": 0.6942476431528727,
        "mean_cohesion": 0.6100472807884216
    },
    "npmi_negative": {
        "mean_confidence": 0.7078571778077346,
        "mean_cohesion": 0.6203404848392193
    },
    "npmi_positive": {
        "mean_confidence": 0.7160528623140775,
        "mean_cohesion": 0.6311978010030893
    },
    "scci_negative": {
        "mean_confidence": 0.7082890644669533,
        "mean_cohesion": 0.6233869269490242
    },
    "scci_positive": {
        "mean_confidence": 0.7283883690834045,
        "mean_cohesion": 0.6291976690292358
    },
    "semantic_coherence_negative": {
        "mean_confidence": 0.7078571778077346,
        "mean_cohesion": 0.6203404848392193
    },
    "semantic_coherence_positive": {
        "mean_confidence": 0.7147465745608012,
        "mean_cohesion": 0.6231531401475271
    },
    "silhouette_score_negative": {
        "mean_confidence": 0.7335395472390311,
        "mean_cohesion": 0.6273774930409023
    },
    "silhouette_score_positive": {
        "mean_confidence": 0.6968912536447699,
        "mean_cohesion": 0.6117747371846979
    },
    "best_mean_confidence": [
        [
            "intra_distance_negative",
            "silhouette_score_negative"
        ],
        0.7335395472390311
    ],
    "best_mean_cohesion": [
        [
            "npmi_positive"
        ],
        0.6311978010030893
    ],
    "best_mean_metrics": 0.6823686741210602
}