{
    "3": {
        "silhouette_score": -0.09590465575456619,
        "semantic_coherence": 0.45330727100372314,
        "intra_distance": 1.0311978928092398,
        "inter_distance": 0.8192102456693019,
        "npmi": 15.20189010388146,
        "scci": 0.6074195660796994
    },
    "4": {
        "silhouette_score": 0.10865779966115952,
        "semantic_coherence": 0.4466927945613861,
        "intra_distance": 0.9496057442688339,
        "inter_distance": 0.5958049250516949,
        "npmi": 14.601967081671,
        "scci": 0.4646430416593502
    },
    "5": {
        "silhouette_score": 0.12999141216278076,
        "semantic_coherence": 0.469078928232193,
        "intra_distance": 0.9881557672546704,
        "inter_distance": 0.6997559534573657,
        "npmi": 15.65673492149789,
        "scci": 0.509605216174882
    },
    "6": {
        "silhouette_score": -0.010901650413870811,
        "semantic_coherence": 0.46670451760292053,
        "intra_distance": 0.9504293563588669,
        "inter_distance": 0.6000969002618256,
        "npmi": 15.464396460971463,
        "scci": 0.4875064165701892
    },
    "7": {
        "silhouette_score": -0.007355686742812395,
        "semantic_coherence": 0.4743107855319977,
        "intra_distance": 0.9837784607765206,
        "inter_distance": 0.6889301097464725,
        "npmi": 15.948211932838872,
        "scci": 0.5278307762947713
    },
    "8": {
        "silhouette_score": -0.0026034710463136435,
        "semantic_coherence": 0.46258100867271423,
        "intra_distance": 1.0007253736428907,
        "inter_distance": 0.7415077564981756,
        "npmi": 15.427414746995764,
        "scci": 0.5587620272124169
    },
    "9": {
        "silhouette_score": -0.005292055197060108,
        "semantic_coherence": 0.4824361801147461,
        "intra_distance": 1.0373767534671599,
        "inter_distance": 0.8294226053939888,
        "npmi": 16.438417083755546,
        "scci": 0.5969588280525787
    },
    "10": {
        "silhouette_score": -0.0028794158715754747,
        "semantic_coherence": 0.4676104485988617,
        "intra_distance": 1.0209465000449067,
        "inter_distance": 0.7888906353877786,
        "npmi": 15.80896940152518,
        "scci": 0.6030509399728189
    },
    "11": {
        "silhouette_score": -0.006153009366244078,
        "semantic_coherence": 0.46391069889068604,
        "intra_distance": 1.0295292872835011,
        "inter_distance": 0.8107712987516339,
        "npmi": 15.63959596027267,
        "scci": 0.5953626614136344
    },
    "12": {
        "silhouette_score": -0.016709834337234497,
        "semantic_coherence": 0.46056488156318665,
        "intra_distance": 1.0128873725159964,
        "inter_distance": 0.7671704935238841,
        "npmi": 15.54344913397344,
        "scci": 0.5943329993049699
    },
    "13": {
        "silhouette_score": -0.019869808107614517,
        "semantic_coherence": 0.4695650637149811,
        "intra_distance": 1.0100148491433418,
        "inter_distance": 0.7589783568060042,
        "npmi": 15.926034283025055,
        "scci": 0.5918469172780543
    },
    "14": {
        "silhouette_score": -0.025399427860975266,
        "semantic_coherence": 0.4712076783180237,
        "intra_distance": 1.0033904366087705,
        "inter_distance": 0.7403116834449649,
        "npmi": 16.01653388274145,
        "scci": 0.5894125766344477
    }
}