{
    "inter_distance_negative": {
        "mean_confidence": 0.7110542356967926,
        "mean_cohesion": 0.6217461327711741
    },
    "inter_distance_positive": {
        "mean_confidence": 0.7135563313961029,
        "mean_cohesion": 0.6253524124622345
    },
    "intra_distance_negative": {
        "mean_confidence": 0.6942393316162957,
        "mean_cohesion": 0.6121915976206461
    },
    "intra_distance_positive": {
        "mean_confidence": 0.7049965063730875,
        "mean_cohesion": 0.6173649032910665
    },
    "npmi_negative": {
        "mean_confidence": 0.721149492263794,
        "mean_cohesion": 0.627170729637146
    },
    "npmi_positive": {
        "mean_confidence": 0.7135563313961029,
        "mean_cohesion": 0.6253524124622345
    },
    "scci_negative": {
        "mean_confidence": 0.7065981104969978,
        "mean_cohesion": 0.6165580824017525
    },
    "scci_positive": {
        "mean_confidence": 0.7135563313961029,
        "mean_cohesion": 0.6253524124622345
    },
    "semantic_coherence_negative": {
        "mean_confidence": 0.721149492263794,
        "mean_cohesion": 0.627170729637146
    },
    "semantic_coherence_positive": {
        "mean_confidence": 0.7135563313961029,
        "mean_cohesion": 0.6253524124622345
    },
    "silhouette_score_negative": {
        "mean_confidence": 0.7065981104969978,
        "mean_cohesion": 0.6165580824017525
    },
    "silhouette_score_positive": {
        "mean_confidence": 0.7259875706263951,
        "mean_cohesion": 0.6256756441933768
    },
    "best_mean_confidence": [
        [
            "silhouette_score_positive"
        ],
        0.7259875706263951
    ],
    "best_mean_cohesion": [
        [
            "npmi_negative",
            "semantic_coherence_negative"
        ],
        0.627170729637146
    ],
    "best_mean_metrics": 0.6765791501317706
}