{
    "3": {
        "silhouette_score": -0.02527405507862568,
        "semantic_coherence": 0.4858671724796295,
        "intra_distance": 0.9640439199438067,
        "inter_distance": 0.6438303017032515,
        "npmi": 19.13752813862836,
        "scci": 0.4771021331247713
    },
    "4": {
        "silhouette_score": -0.05445800721645355,
        "semantic_coherence": 0.48140230774879456,
        "intra_distance": 1.0143694684858406,
        "inter_distance": 0.7534609486333927,
        "npmi": 18.77723701569333,
        "scci": 0.5434465843732128
    },
    "5": {
        "silhouette_score": -0.05886436626315117,
        "semantic_coherence": 0.49369412660598755,
        "intra_distance": 1.0658499887630897,
        "inter_distance": 0.8746210331377892,
        "npmi": 19.58537112349948,
        "scci": 0.6057891077846195
    },
    "6": {
        "silhouette_score": -0.08691924810409546,
        "semantic_coherence": 0.4973215162754059,
        "intra_distance": 1.0745328869520612,
        "inter_distance": 0.881504723039687,
        "npmi": 19.87854379233701,
        "scci": 0.6150531997485336
    },
    "7": {
        "silhouette_score": -0.09268877655267715,
        "semantic_coherence": 0.4877760410308838,
        "intra_distance": 1.1155924746160997,
        "inter_distance": 0.9766543482573385,
        "npmi": 19.254424407699446,
        "scci": 0.6515923067053524
    },
    "8": {
        "silhouette_score": -0.09235908836126328,
        "semantic_coherence": 0.4859222173690796,
        "intra_distance": 1.1364406372522105,
        "inter_distance": 1.012788086151123,
        "npmi": 19.09936912535357,
        "scci": 0.7134314018930938
    },
    "9": {
        "silhouette_score": -0.09363364428281784,
        "semantic_coherence": 0.4856206476688385,
        "intra_distance": 1.1450239279928387,
        "inter_distance": 1.0361870026541782,
        "npmi": 19.038471578983685,
        "scci": 0.7332475169967999
    },
    "10": {
        "silhouette_score": -0.10737154632806778,
        "semantic_coherence": 0.48932772874832153,
        "intra_distance": 1.1454033875323901,
        "inter_distance": 1.0277145030641979,
        "npmi": 19.263802273034905,
        "scci": 0.7790303373467555
    },
    "11": {
        "silhouette_score": -0.015325685031712055,
        "semantic_coherence": 0.4798671007156372,
        "intra_distance": 1.0556866868201205,
        "inter_distance": 0.8551012213462377,
        "npmi": 18.89162870156839,
        "scci": 0.5952953596507902
    },
    "12": {
        "silhouette_score": -0.021010877564549446,
        "semantic_coherence": 0.4907415211200714,
        "intra_distance": 1.0971000564142248,
        "inter_distance": 0.9571248960039361,
        "npmi": 20.011573814602702,
        "scci": 0.6619530702737609
    },
    "13": {
        "silhouette_score": -0.09247251600027084,
        "semantic_coherence": 0.4970816969871521,
        "intra_distance": 1.135939673972282,
        "inter_distance": 1.0204007622884812,
        "npmi": 20.38987327700393,
        "scci": 0.6930152413909104
    },
    "14": {
        "silhouette_score": -0.061932213604450226,
        "semantic_coherence": 0.4738748073577881,
        "intra_distance": 1.109676211433315,
        "inter_distance": 0.9857553513266084,
        "npmi": 19.22013411245692,
        "scci": 0.7286288293617101
    }
}