{
    "3": {
        "silhouette_score": -0.07125749439001083,
        "semantic_coherence": 0.484790176153183,
        "intra_distance": 1.0552096292335587,
        "inter_distance": 0.8539961640684729,
        "npmi": 18.790310237111047,
        "scci": 0.5174577830765322
    },
    "4": {
        "silhouette_score": -0.10490381717681885,
        "semantic_coherence": 0.4751010239124298,
        "intra_distance": 1.0692157820609531,
        "inter_distance": 0.8784743965270861,
        "npmi": 18.314671862678196,
        "scci": 0.5731507898217857
    },
    "5": {
        "silhouette_score": -0.10556711256504059,
        "semantic_coherence": 0.48529940843582153,
        "intra_distance": 1.1069196836426678,
        "inter_distance": 0.9690809840779103,
        "npmi": 18.884647560008897,
        "scci": 0.5966996551450576
    },
    "6": {
        "silhouette_score": -0.11776188760995865,
        "semantic_coherence": 0.48840299248695374,
        "intra_distance": 1.107684275410765,
        "inter_distance": 0.9576013381523705,
        "npmi": 19.022010305433827,
        "scci": 0.5864470629440327
    },
    "7": {
        "silhouette_score": -0.11766965687274933,
        "semantic_coherence": 0.49372878670692444,
        "intra_distance": 1.128340138953718,
        "inter_distance": 0.9794968306352908,
        "npmi": 19.31053665482549,
        "scci": 0.5709117221941828
    },
    "8": {
        "silhouette_score": -0.05415472388267517,
        "semantic_coherence": 0.4958711564540863,
        "intra_distance": 1.1128273686632157,
        "inter_distance": 0.9779914079927181,
        "npmi": 20.014530151176736,
        "scci": 0.7429386965890659
    },
    "9": {
        "silhouette_score": -0.03204905241727829,
        "semantic_coherence": 0.4671461880207062,
        "intra_distance": 1.0466641206951806,
        "inter_distance": 0.8428656560882057,
        "npmi": 18.454270101474375,
        "scci": 0.5292583416252902
    },
    "10": {
        "silhouette_score": -0.03551427647471428,
        "semantic_coherence": 0.47951769828796387,
        "intra_distance": 1.0620393655467375,
        "inter_distance": 0.8766795660897471,
        "npmi": 19.116176353220588,
        "scci": 0.5492368328114883
    },
    "11": {
        "silhouette_score": 0.0015474718529731035,
        "semantic_coherence": 0.4968249499797821,
        "intra_distance": 1.0639195153176464,
        "inter_distance": 0.8760233669068256,
        "npmi": 20.714540951273158,
        "scci": 0.5667638720747548
    },
    "12": {
        "silhouette_score": 0.002301775384694338,
        "semantic_coherence": 0.4894590377807617,
        "intra_distance": 1.062354224302698,
        "inter_distance": 0.8734507917315016,
        "npmi": 20.200142186582706,
        "scci": 0.5683639396960467
    },
    "13": {
        "silhouette_score": -0.053288377821445465,
        "semantic_coherence": 0.5022669434547424,
        "intra_distance": 1.1118286721086,
        "inter_distance": 0.9927823543208708,
        "npmi": 21.0729227119791,
        "scci": 0.665577189948323
    },
    "14": {
        "silhouette_score": -0.05563446134328842,
        "semantic_coherence": 0.4861660301685333,
        "intra_distance": 1.109003674496266,
        "inter_distance": 0.9816968323222743,
        "npmi": 20.32199618024416,
        "scci": 0.6099266165366702
    }
}