{
    "3": {
        "silhouette_score": 0.036763016134500504,
        "semantic_coherence": 0.5463218688964844,
        "intra_distance": 0.8547771239460666,
        "inter_distance": 0.3125355683142509,
        "npmi": 33.78857069023284,
        "scci": 0.34389236168525966
    },
    "4": {
        "silhouette_score": -0.004541863687336445,
        "semantic_coherence": 0.5088072419166565,
        "intra_distance": 0.911313368434005,
        "inter_distance": 0.4865997241350522,
        "npmi": 29.21217796344218,
        "scci": 0.3717636898366881
    },
    "5": {
        "silhouette_score": 0.049667730927467346,
        "semantic_coherence": 0.5114055275917053,
        "intra_distance": 0.9392825453344635,
        "inter_distance": 0.5728836572388559,
        "npmi": 30.16853722612766,
        "scci": 0.37320392446689965
    },
    "6": {
        "silhouette_score": 0.005047204904258251,
        "semantic_coherence": 0.5398801565170288,
        "intra_distance": 0.9769400530347658,
        "inter_distance": 0.680433656604104,
        "npmi": 31.776440637587097,
        "scci": 0.4570326737749626
    },
    "7": {
        "silhouette_score": -0.001150231808423996,
        "semantic_coherence": 0.5437713861465454,
        "intra_distance": 1.0200814584533373,
        "inter_distance": 0.7855875328991356,
        "npmi": 32.797783141324445,
        "scci": 0.48376598929870346
    },
    "8": {
        "silhouette_score": 0.007887178100645542,
        "semantic_coherence": 0.5374922752380371,
        "intra_distance": 0.9033407737808187,
        "inter_distance": 0.4772031433900688,
        "npmi": 33.26854830182023,
        "scci": 0.3999909526874919
    },
    "9": {
        "silhouette_score": -0.015897514298558235,
        "semantic_coherence": 0.5261776447296143,
        "intra_distance": 0.9127889478765395,
        "inter_distance": 0.4962823167893762,
        "npmi": 30.40442990562556,
        "scci": 0.37892664667220577
    },
    "10": {
        "silhouette_score": -0.0026855936739593744,
        "semantic_coherence": 0.5300358533859253,
        "intra_distance": 0.9149598272592844,
        "inter_distance": 0.5014808661327238,
        "npmi": 30.906979278087192,
        "scci": 0.3888261575601888
    },
    "11": {
        "silhouette_score": -0.011366432532668114,
        "semantic_coherence": 0.527110755443573,
        "intra_distance": 0.9693226270279772,
        "inter_distance": 0.6461661490511295,
        "npmi": 30.622429813164196,
        "scci": 0.41619040020055786
    },
    "12": {
        "silhouette_score": -0.011277560144662857,
        "semantic_coherence": 0.5269230008125305,
        "intra_distance": 0.9522842603229466,
        "inter_distance": 0.6047414340307089,
        "npmi": 30.65862790687135,
        "scci": 0.40476771787825955
    },
    "13": {
        "silhouette_score": -0.008246805518865585,
        "semantic_coherence": 0.5339880585670471,
        "intra_distance": 0.9675558554489547,
        "inter_distance": 0.6466436236282279,
        "npmi": 31.010343659492342,
        "scci": 0.42363671088090854
    },
    "14": {
        "silhouette_score": -0.020351188257336617,
        "semantic_coherence": 0.5357083678245544,
        "intra_distance": 1.0025873169140902,
        "inter_distance": 0.7385793996369644,
        "npmi": 31.73693135701534,
        "scci": 0.47465870002222316
    }
}